system:index,0_1989_precipitation,10_1999_precipitation,11_2000_precipitation,12_2001_precipitation,13_2002_precipitation,14_2003_precipitation,15_2004_precipitation,16_2005_precipitation,17_2006_precipitation,18_2007_precipitation,19_2008_precipitation,1_1990_precipitation,20_2009_precipitation,21_2010_precipitation,22_2011_precipitation,23_2012_precipitation,24_2013_precipitation,2_1991_precipitation,3_1992_precipitation,4_1993_precipitation,5_1994_precipitation,6_1995_precipitation,7_1996_precipitation,8_1997_precipitation,9_1998_precipitation,BareGround,BioRegion,Biome,ID,Month,Notes,Year,aspect,blue,bsi,calcite,chlorite,dolomite,elevation,evi,exg,goethite,green,gypsum,hematite,illite_muscovite,kaolinite,landforms,meanAnnualPrecipitation,msavi,ndmi,ndvi,nir,osavi,red,satvi,savi,slope,swir1,swir2,swirRatio,vegType,vermiculite,.geo
00000000000000000008,616.6466356515884,498.2046014070511,390.5493243932724,520.4769560098648,419.16732013225555,425.79698395729065,502.4745789170265,499.4861931204796,531.427941441536,520.3155780434608,384.4753727912903,319.64113587141037,501.40768587589264,449.0152896642685,597.9856635928154,531.3162299990654,468.5751316547394,492.5959537923336,316.9015899300575,411.74174892902374,454.2695094048977,471.00752264261246,553.471198797226,458.22416377067566,507.94044411182404,65,Albany Thicket,Albany Thicket,H_0286,12,Site_286 Blomfontein,2009,0.9981593209380873,0.0583074448749106,0.19471758282776416,0.062745101749897,0.0,0.062745101749897,1170.3565011820328,0.13770332036288915,-0.0012744295100371042,0.0,0.0881714535132931,0.0,0.0,0.0,0.0,4.0,493.0,0.12794991384302187,-0.13803328952749855,0.254590683203217,0.2007868041172095,0.13770332036288915,0.11930989166171274,0.23121059426320076,0.38188603000437954,11.702467079252777,0.26510264495867647,0.1997410218907304,1.3272186284933247,,0.0,"{""type"":""Point"",""coordinates"":[25.655674243356696,-32.4534043534949]}"
00000000000000000009,141.8042761683464,214.75867772102356,163.14653286337852,176.33708935976028,155.5705429315567,112.15859879553318,130.83237540721893,164.25876489281654,163.572639554739,154.0396063029766,155.5354501605034,159.32112553715706,143.94122713804245,144.2981989979744,147.61048579216003,137.675074249506,120.68702411651611,198.00172778964043,94.43511286377907,156.1658947467804,172.5319648385048,156.6019778251648,192.39410558342934,108.86053015291691,176.74998646974564,80,Gariep Desert Bioregion,Desert,H_0065,10,Site_65 Kabas 01,2002,0.9964209279499142,,,0.0,0.0,0.0,912.4603643525357,,,0.029857793583519525,,0.0,0.12313412952340924,0.12530247964687619,0.13518961669775373,4.0,170.0,,,,,,,,,10.166353782604974,,,,,0.0,"{""type"":""Point"",""coordinates"":[19.43169666576536,-29.061303754723877]}"
0000000000000000000a,141.8042761683464,214.75867772102356,163.14653286337852,176.33708935976028,155.5705429315567,112.15859879553318,130.83237540721893,164.25876489281654,163.572639554739,154.0396063029766,155.5354501605034,159.32112553715706,143.94122713804245,144.2981989979744,147.61048579216003,137.675074249506,120.68702411651611,198.00172778964043,94.43511286377907,156.1658947467804,172.5319648385048,156.6019778251648,192.39410558342934,108.86053015291691,176.74998646974564,80,Gariep Desert Bioregion,Desert,H_0428,11,Site_428 Kabas_Acocks_6412,2013,0.998150986854759,0.10487492880083543,0.21532033532784886,0.0,0.0,0.0,913.2567368936797,0.08186192331960657,-0.023808530364358968,0.043475743076530876,0.17005682558858004,0.0,0.1174793698729574,0.13066558755244304,0.13522428740682935,4.0,170.0,0.08773260988890104,-0.11095637650699489,0.11762732657978549,0.3276405752814909,0.08186192331960657,0.2580464928101115,0.053431536376271856,0.17644099014346243,10.49421502561443,0.4118814215480201,0.32117883826750626,1.2698437532684723,,0.0,"{""type"":""Point"",""coordinates"":[19.431594106441135,-29.061343886633352]}"
00000000000000000048,96.93914828822017,125.04895548522472,110.40144561231136,111.40715407207608,102.77949133515358,69.06714706495404,80.49419562146068,109.62877286225557,114.79471676796675,87.67247210815549,106.10471171885729,104.3940877020359,90.3538875579834,92.99655706435442,98.60753293335438,93.05589991435409,77.67197365313768,122.18584689497948,60.998593140393496,99.43147829920053,102.1047093719244,94.49763991311193,115.83879313245416,71.19484440237284,106.52803270891309,70,Gariep Desert Bioregion,Desert,H_0443,11,Site_443 Skuitklipkop_Rebelo_Ad95,2013,0.9358213804490585,0.09774602120600749,0.2454977581484653,0.0,0.0,0.0,699.0083292503676,0.08446261668573227,-0.03630783116478712,0.0,0.1746870354146481,0.0,0.15436289689080615,0.10730346987669168,0.1408371108673998,4.0,119.0,0.09880465515859567,-0.12960606868187624,0.1233372698660752,0.3701113735794262,0.08446261668573227,0.28882860617565204,0.03354456612091039,0.18500589735218267,2.2386786303410395,0.48062503869366496,0.41942633982676614,1.139609664576361,,0.0,"{""type"":""Point"",""coordinates"":[19.4380820984739,-28.820021796721914]}"
00000000000000000007,459.88713777065277,416.6226095557213,432.89360827207565,469.3667419850826,341.4491305947304,347.1445908546448,423.4982531070709,353.232915610075,439.5316913127899,398.66531497240067,350.4658454358578,244.99496644735336,384.7902636528015,375.0568654537201,452.5343995988369,408.7089589834213,308.5623207092285,428.9145406484604,220.4336897134781,296.4273609519005,285.7064692378044,329.6712611913681,381.73041594028473,353.03254866600037,349.6751461625099,55,Dry Highveld Grassland Bioregion,Grassland,H_0342,10,Site_342 Grootfontein - Berkamp04b,2010,0.9232690597226161,0.042758983650723795,0.2144311563918513,0.0,0.0,0.0,1341.6759082217975,0.12281521661189276,-0.007630446014024787,0.0,0.06720040640286232,0.0,0.0,0.0,0.0,5.0,384.0,0.11591744702843589,-0.1492544142796478,0.2632578799988982,0.17025034864705563,0.12281521661189276,0.09927227516902565,0.24275863266070993,0.39488684948726105,8.695208070838886,0.2299741522104517,0.18428290394592467,1.247954482330191,,0.0,"{""type"":""Point"",""coordinates"":[24.982341066084263,-31.432649235845332]}"
0000000000000000000b,519.7735506296158,407.7712904214859,428.52543464303017,471.2100332081318,361.99757009744644,405.18935599923134,446.3603965342045,441.5889874100685,460.47766071558,498.5371446609497,351.261616230011,265.4889507293701,464.40449821949005,395.17284229397774,523.0859028100967,468.81321489810944,410.62712264060974,443.9621538221836,257.5157287120819,347.4538248181343,329.3348565995693,383.52585500478745,443.2803526520729,384.3560560643673,388.66266417503357,15,Dry Highveld Grassland Bioregion,Grassland,H_0278,12,Site_278 Swaers Hoek01,2009,-0.9931247349723267,,,0.0,0.0,0.0,1568.695052331113,,,0.0,,0.0,0.0,0.0,0.0,4.0,498.0,,,,,,,,,25.519853571956208,,,,,0.0,"{""type"":""Point"",""coordinates"":[25.51121720562926,-32.29209191378545]}"
0000000000000000000c,518.6705248355865,416.60411474108696,456.81492733955383,459.9456498026848,441.5331936478615,362.8128387928009,501.27355203032494,509.361561447382,525.7710264921188,429.8748610019684,416.89909958839417,259.2421517074108,457.8132437467575,414.7736520767212,514.2756833434105,496.0918615758419,409.6675044596195,542.5317807197571,271.0918009877205,460.9201532006264,419.4915246963501,358.93425673246384,456.1906690597534,454.1245731115341,497.6521201133728,25,Dry Highveld Grassland Bioregion,Grassland,H_0290,12,Site_290 Oudekraal,2009,-0.2860048486869245,0.052251528241323765,0.19252372893412423,0.0,0.0,0.0,1368.7607973421927,0.15009625346585934,0.0014797156675766024,0.0,0.08475740666942795,0.0,0.0,0.0,0.0,5.0,538.0,0.1427159634992077,-0.13003247136830945,0.28374305985581555,0.21833043461678772,0.15009625346585934,0.11485379881269286,0.23720725237842308,0.4256146020469475,3.569008215490993,0.2801790595280938,0.23268650459434165,1.200104726792287,,0.0,"{""type"":""Point"",""coordinates"":[26.319571962800037,-32.104600091791205]}"
0000000000000000000d,505.53245079517365,403.02445060014725,440.82431823015213,439.55085226893425,431.96772998571396,348.867897182703,481.42481088638306,486.64599373936653,500.00632667541504,420.27780547738075,409.9815436601639,260.6913186907768,441.74986600875854,409.50783464312553,497.456574678421,476.7571411728859,408.99690786004066,542.9119836688042,259.585107088089,449.6504889726639,413.76941591501236,346.6315432190895,479.9419344365597,473.7124353647232,459.0986800789833,10,Dry Highveld Grassland Bioregion,Grassland,H_0296,12,Site_296 Martha02,2009,0.6296473094800916,0.05258952397288699,0.18732819322383767,0.0,0.0,0.0,1378.6993371212125,0.16947316468665097,-0.006049160704468236,0.0,0.09462145230535304,0.0,0.08318571996113117,0.0,0.0,5.0,519.0,0.17345915960543085,-0.0938193387154377,0.29017768484173406,0.2593771575978308,0.16947316468665097,0.1427025413422874,0.20308078983516412,0.43526655119476904,3.203246131087795,0.31308575155157037,0.2682667717789159,1.1671616868539292,,0.0,"{""type"":""Point"",""coordinates"":[26.324521564969363,-32.091258461439296]}"
00000000000000000045,516.9344283342361,437.7217591404915,417.3530068397522,555.36575075984,426.8657840490341,413.74557361006737,527.8352960348129,545.1866842210293,529.5548483133316,467.05328583717346,426.9588399231434,318.1274842619896,478.55891329050064,422.13012224435806,576.0560574233532,509.587363243103,443.17882496118546,532.3654392063618,283.2655121088028,459.7216453552246,413.1505293250084,389.9585944414139,504.34420585632324,513.9649612009525,474.02483224868774,50,Sub-Escarpment Grassland Bioregion,Grassland,H_0260,12,Site_260 Bergplaas01,2009,0.9245078539920103,0.0712963426582947,0.22752529273034278,0.0,0.0,0.0,1593.7079772079774,0.1376964952177585,6.688026338108131E-4,0.0,0.11890028061562795,0.0,0.0,0.0,0.0,4.0,606.9444444444446,0.13688288216548994,-0.16172684269894455,0.22216017589553244,0.26063030563358575,0.1376964952177585,0.16583541874107818,0.1901473377929454,0.33324026076542346,10.43884422443984,0.36235605333095955,0.30491818416888455,1.1887037319901552,,0.0,"{""type"":""Point"",""coordinates"":[25.959584275654297,-32.34161469008502]}"
00000000000000000046,516.9344283342361,437.7217591404915,417.3530068397522,555.36575075984,426.8657840490341,413.74557361006737,527.8352960348129,545.1866842210293,529.5548483133316,467.05328583717346,426.9588399231434,318.1274842619896,478.55891329050064,422.13012224435806,576.0560574233532,509.587363243103,443.17882496118546,532.3654392063618,283.2655121088028,459.7216453552246,413.1505293250084,389.9585944414139,504.34420585632324,513.9649612009525,474.02483224868774,30,Sub-Escarpment Grassland Bioregion,Grassland,H_0264,12,Site_264 Bergplaas03,2009,-0.9701720093648493,0.0466521276979015,0.19502832541133713,0.0,0.0,0.0,1590.973945997158,0.1611716608719372,0.017264260465304812,0.0,0.07973304992318436,0.0,0.0,0.0,0.0,4.0,639.0,0.15032217193841374,-0.14783172926339194,0.340722700336543,0.18805821431948078,0.1611716608719372,0.09255559011863228,0.2991873102341146,0.511084055488339,14.10877956388574,0.25624239668497145,0.19975270560317449,1.3050135873833406,,0.0,"{""type"":""Point"",""coordinates"":[25.95944604352164,-32.34221666872723]}"
00000000000000000003,116.95841319859028,132.01029120385647,149.9642666876316,134.20866511762142,136.54911109805107,82.61949841678143,92.28758735954762,155.3683795928955,151.3332731872797,98.66191364824772,156.34967824816704,104.89602103829384,117.51570272445679,117.82093554735184,152.89833408594131,118.91431847214699,89.48471662402153,158.76941785216331,77.05688452720642,94.69202743470669,110.72210943698883,111.83916084468365,145.4947194904089,90.14546082913876,115.57118041813374,90,Bushmanland Bioregion,Nama-Karoo,H_0144,1,Site_144 Molopo 02,1995,-0.6117032940996214,0.09380628611630326,0.1975888743095757,0.0,0.0784313753247261,0.0,558.8899900891972,0.07932484511754913,0.012666774978279713,0.044509805738925934,0.15967753669846987,0.0,0.0470588244497776,0.08745098114013672,0.0,5.0,124.0,0.08005065828694696,-0.10058871226900278,0.12099370509533745,0.271432429360091,0.07932484511754913,0.21288200499576665,0.06705397233640178,0.18149055556806745,7.842829454996658,0.33226172290779316,0.272783417472518,1.2194494213410483,10.0,0.0,"{""type"":""Point"",""coordinates"":[20.229608208268967,-28.483529113026787]}"
00000000000000000019,113.37294360995293,141.34121836721897,153.6427407860756,136.5365551263094,137.85027645528316,80.31101946532726,94.4698241353035,162.11541132628918,157.94008143246174,101.23396900296211,163.6951560676098,108.03892509639263,120.66056123375893,125.82408678531647,165.84173345565796,119.77667371928692,83.82807520031929,159.52702237665653,73.21300573647022,95.5934180766344,122.46239905059338,110.92078974843025,137.800711363554,85.461561024189,120.41660809516907,95,Bushmanland Bioregion,Nama-Karoo,H_0122,1,Site_122 Upper Karoup Valley,1995,-0.14603971361387744,0.053362947485329194,0.1809243366379797,0.06078431382775307,0.0,0.0,698.0800000000002,0.08018306871623168,0.00784602136063723,0.0,0.09713372899058426,0.0,0.06273953409106643,0.06078431382775307,0.0,5.0,150.0,0.07864149748175234,-0.06375500228669909,0.1599567771767393,0.18373218112521705,0.08018306871623168,0.13305848583763025,0.09432588300955151,0.23993514852759285,10.610054712648745,0.2087740331667441,0.18825435571464494,1.1090472642875016,12.0,0.0,"{""type"":""Point"",""coordinates"":[20.156808924470415,-28.369804199759702]}"
0000000000000000001b,113.37294360995293,141.34121836721897,153.6427407860756,136.5365551263094,137.85027645528316,80.31101946532726,94.4698241353035,162.11541132628918,157.94008143246174,101.23396900296211,163.6951560676098,108.03892509639263,120.66056123375893,125.82408678531647,165.84173345565796,119.77667371928692,83.82807520031929,159.52702237665653,73.21300573647022,95.5934180766344,122.46239905059338,110.92078974843025,137.800711363554,85.461561024189,120.41660809516907,90,Bushmanland Bioregion,Nama-Karoo,H_0124,1,Site_124 Deksel S,1995,0.6037687989786342,0.06150090023875237,0.22220192202206315,0.052941177040338516,0.0,0.0,683.7083743842365,0.07911170831161182,-0.0016851501915548825,0.052941177040338516,0.10670336335897446,0.0,0.06053921580314636,0.052941177040338516,0.0,5.0,150.0,0.07909064059480658,-0.12852950984327663,0.1465177820233876,0.20632716580271135,0.07911170831161182,0.15359097719192505,0.1204050137785268,0.21977666886569247,3.612940614094288,0.2673209216207119,0.23908851016037572,1.118254097107009,12.0,0.0,"{""type"":""Point"",""coordinates"":[20.15580562673339,-28.36920222111749]}"
0000000000000000001e,123.59895800054073,136.3887028992176,165.78474451601505,141.09420964121819,145.27748727798462,81.96691446006298,99.3357334882021,173.1841149777174,165.40599764883518,107.08746728301048,168.58310529589653,111.33167086541653,122.05966144800186,128.48741595447063,176.21699483692646,124.4030832350254,91.33990317583084,172.97380888462067,72.40667574107647,93.7240736335516,131.76255150139332,121.55333882570267,152.1205417215824,97.19618138670921,122.51991335302591,65,Bushmanland Bioregion,Nama-Karoo,H_0128,1,Site_128 Plateu,1995,0.8408124907985774,0.05436044196302531,0.23491626326455328,0.043790850788354874,0.0,0.052941177040338516,888.6745796241345,0.10901073127262788,-0.03447828132707098,0.0,0.10532730195807657,0.0,0.13351158797740936,0.03921568766236305,0.0,4.0,212.0,0.12250204759803772,-0.10874901676567089,0.18740784152089432,0.27864244233901614,0.10901073127262788,0.1907724457047696,0.11562159997949968,0.28111175442543745,1.150742658050077,0.34673481267295664,0.3069885254024162,1.1304502697066432,12.0,0.0,"{""type"":""Point"",""coordinates"":[20.26422420974687,-28.369193302915377]}"
0000000000000000001f,116.22942963242531,131.5435805618763,161.66416162252426,152.19956001639366,141.77338901162148,84.07323342561722,100.6911852657795,165.97901740670204,164.12608516216278,104.48371598124504,165.10654155910015,112.99778394401073,122.00016877055168,127.06254032254219,170.50517547130585,122.31954865157604,87.30839160084724,158.92917674779892,69.08466203510761,98.66408172249794,127.74675507843494,122.13828139007092,155.84232188761234,96.64679788053036,120.1068032681942,85,Bushmanland Bioregion,Nama-Karoo,H_0130,1,Site_130 Berylkop,1995,-0.34667319734046514,0.07753982736218361,0.2069764191696129,0.06560259149513825,0.008121442395463476,0.0,731.6094292803972,0.08917272747598275,0.002866206307047354,0.05814917555665852,0.13849547892882869,0.0,0.09711336493492126,0.07844110608988306,0.05804992276001213,5.0,166.0,0.09255531683896967,-0.10001567148097396,0.1441847519898237,0.26297128006778936,0.08917272747598275,0.19658492771774605,0.07683446918320716,0.21627712647613165,1.3627954241063993,0.3213872034259824,0.29019321788925106,1.1080231644083787,12.0,0.0,"{""type"":""Point"",""coordinates"":[20.308917779605554,-28.40617262795161]}"
00000000000000000021,107.96587839722633,132.47868958115578,153.06320740282536,137.52927877008915,140.6204948425293,84.49847969412804,93.67955674231052,154.78355912864208,154.27988462150097,102.95810377597809,158.9111280143261,103.09554329514503,122.75892323255539,122.59306755661964,150.04955630004406,118.34753331542015,87.96271969377995,168.50730353593826,74.95899005234241,94.91046494245529,111.01656697690487,107.84569384157658,141.99119739234447,87.44613632559776,109.33351454883814,85,Bushmanland Bioregion,Nama-Karoo,H_0134,1,Site_134 Mostertshoek,1995,-0.9004313007750709,0.10444995905098842,0.20426289561572386,0.048686391789253894,0.07282734622772644,0.0,670.0,0.07936159887283398,0.005655971569812369,0.041426178799806736,0.1779426773808794,0.0,0.04207211380096222,0.08916512791118593,0.04837436129820253,5.0,150.0,0.08275028413311672,-0.1028622765320926,0.11459105568690948,0.30929552390439574,0.07936159887283398,0.24577941580113824,0.041352441062334724,0.17188659314732188,2.0664943313785997,0.38022762481379363,0.3249120332871533,1.1704454684304348,12.0,0.0,"{""type"":""Point"",""coordinates"":[20.17784250413952,-28.460649465521556]}"
00000000000000000024,113.23703879117966,152.14081209897995,158.14059820771217,137.88313674926758,143.81512412428856,88.17386046797037,98.86021900177002,157.48595072329044,160.93729428946972,106.9383922368288,160.10520416498184,110.33495365083218,122.24095904827118,127.86051420867443,155.2947197407484,123.79872588813305,90.91294127702713,171.52115872502327,81.48335352540016,96.80289825797081,117.18978567421436,112.617216989398,143.87923042476177,89.77706401050091,118.53256876766682,90,Bushmanland Bioregion,Nama-Karoo,H_0140,1,Site_140 Above Xubuxnap,1995,-0.5676033573014105,0.10185682250684058,0.17922641785650223,0.045098040252923965,0.05882352963089943,0.0,499.6854878652799,0.07770866180717975,0.0012760586841027298,0.033725492656230927,0.16600443833886308,0.0,0.03872549161314964,0.07026144117116928,0.045098040252923965,6.0,123.0,0.07875663827350082,-0.06974061729258214,0.11408400283540576,0.2878214221534427,0.07770866180717975,0.2288759902983151,0.02662700513371328,0.17112598891834507,3.5669307296615003,0.3310161193979442,0.28716761659076157,1.1528460934588436,12.0,0.0,"{""type"":""Point"",""coordinates"":[20.142312386945658,-28.464653738267547]}"
00000000000000000026,116.53537981212139,145.16509890556335,156.98843179643154,128.06122489273548,139.84443636238575,81.35025802254677,99.14695365726948,163.75455950200558,150.21806982159615,96.24808694422245,153.7963124513626,106.93585380911827,129.78455409407616,118.98856066167355,167.29458095133305,123.97927442193031,82.03859101235867,153.60825833678246,66.43767891824245,99.76205356419086,113.32111538946629,105.12528863549232,137.35676755011082,86.04243890941143,116.92522697150707,85,Bushmanland Bioregion,Nama-Karoo,H_0150,1,Site_150 Upper Buk River,1995,-0.08560621852542948,0.10123709657779432,0.20166316665303693,0.0,0.005374217227204499,0.0,655.0,0.0690734956844624,-0.0019970586584212163,0.052837901290885655,0.1700425030982341,0.0,0.0915142601884673,0.09521521611690048,0.0,5.0,137.0,0.07205441185115706,-0.0934216408934131,0.10206788975439604,0.2955669009013417,0.0690734956844624,0.24084497802512225,0.022907337510974894,0.15310183218307238,0.5964239295701009,0.3564680902882452,0.3190712834147388,1.1171408187741694,12.0,0.0,"{""type"":""Point"",""coordinates"":[20.023379243648147,-28.290860274709498]}"
00000000000000000028,113.59921525418758,147.2414859086275,157.54072107374668,125.21756656467915,141.86436830461025,84.1473633646965,95.82372078299522,153.94453284144402,149.37285135686398,100.47252695262432,151.64001397788525,107.75281283259392,128.33057409524918,118.56485463678837,163.64385944604874,122.86020994186401,90.3070806413889,159.31489218771458,75.24792478978634,99.74011474847794,113.94372929632664,106.71451398730278,146.7697508186102,92.43327659368515,121.61565394699574,85,Bushmanland Bioregion,Nama-Karoo,H_0152,1,Site_152 Donkieboud,1995,-0.5142467754635424,0.07808776994178324,0.17827020755520573,0.05262335264388426,0.044156863838434215,0.0,641.7600000000001,0.08180796029023181,0.013193009609793438,0.0,0.13115659176567454,0.0,0.04541188676048208,0.05067768165358791,0.0,5.0,146.0,0.07959143693800326,-0.07920245300104588,0.137581560700028,0.22561016773000175,0.08180796029023181,0.17103241470124986,0.07917854492679055,0.20637235110188706,4.734875797460109,0.26460820810294444,0.2253815763232149,1.1743653850202205,12.0,0.0,"{""type"":""Point"",""coordinates"":[20.017408507337585,-28.35359536743043]}"
0000000000000000002b,118.31992109119892,148.957686945796,158.13761219382286,129.0820072889328,145.77236875891685,84.54126605391502,98.68070884048939,160.75617414712906,149.97891323268414,101.21586196124554,152.89263074100018,107.8409331291914,133.23053514957428,122.9370066523552,161.7958844602108,123.46995483338833,87.29522593319416,160.21441109478474,69.72252431511879,103.73750065267086,116.23853275179863,110.28813290596008,140.33055038750172,89.35226882994175,120.41693690419197,90,Bushmanland Bioregion,Nama-Karoo,H_0154,1,Site_154 Bok se Puts,1995,0.4407896847619211,0.0849939267669682,0.23642548328106888,0.06252160517600651,0.0,0.0,644.2264894140816,0.07252645927629467,-0.006237803073806284,0.08114905504611607,0.1550729672114054,0.0,0.12143600715213312,0.09347908725986805,0.07155077021838642,5.0,141.0,0.07878618182248519,-0.12919730379451147,0.11336188011718816,0.2905799982760235,0.07252645927629467,0.23138981534453348,0.056906541863549,0.1700428252822363,2.607824164150619,0.3767522758653397,0.33784562349319447,1.1152612350657327,12.0,0.0,"{""type"":""Point"",""coordinates"":[20.036524673553707,-28.326599969652865]}"
0000000000000000002c,107.47157524526119,140.61086302995682,159.74295258522034,138.21598222851753,144.94247852265835,87.50380828976631,97.19633643329144,158.00826826691628,157.19096595048904,104.69256417453289,153.26290276646614,107.45663177967072,123.86767709255219,126.10520325601101,157.10564821958542,121.06960076093674,89.15714336931705,170.1913259923458,80.56464762985706,93.76094579696655,120.18696090579033,116.13995763659477,149.38515973091125,93.14766716957092,114.1006737202406,85,Bushmanland Bioregion,Nama-Karoo,H_0156,1,Site_156 Lower Kourop Valley,1995,0.07245202235767292,0.11346625288939241,0.19052693755021827,0.060784317553043365,0.0784313753247261,0.0,632.4596059113302,0.07239395175220933,0.012694598176502831,0.03809523954987526,0.18823877225808913,0.0,0.038655463606119156,0.07494553923606873,0.0,5.06945812807882,145.0,0.07348927576186623,-0.0903410607958075,0.10160430487373782,0.30690657509665187,0.07239395175220933,0.25031668617220354,0.03271537652064868,0.1524064576170715,3.078092967230699,0.36788038053536076,0.2947271058565291,1.249074533890034,12.0,0.0,"{""type"":""Point"",""coordinates"":[20.14187093594137,-28.410386478447116]}"
0000000000000000002f,115.50661954283714,132.86492177844048,170.4459951221943,151.0908917337656,141.37067958712578,80.62606869637966,103.4553824365139,168.45865078270435,169.3081168681383,105.1179283708334,168.08410908281803,112.95824207365513,128.3072591125965,124.05406285822392,181.82306432724,128.3459030687809,91.2828861773014,169.76628896594048,62.89754147827625,93.22098575532436,129.24795350432396,122.49312423169613,145.48830842971802,91.50718435645103,120.90853187441826,90,Bushmanland Bioregion,Nama-Karoo,H_0166,1,Site_166 Gyam,1995,-0.15847635515430225,0.07331822951129935,0.21874651074644735,0.05725959420285029,0.05613772927442972,0.0,745.1253083374446,0.07506427100846261,-0.008223825967335386,0.0,0.13559583094123556,0.0,0.12125934717775158,0.06198486292272529,0.0072782149838883725,5.0,170.0,0.0809117593661458,-0.09613868685693772,0.12488362044243023,0.2646341784046269,0.07506427100846261,0.20609726566043937,0.05286136405385359,0.18732543518288006,2.5919055765817247,0.3209793235377015,0.2978627721282374,1.0773173363619275,12.0,0.0,"{""type"":""Point"",""coordinates"":[20.370667410993676,-28.37472258822166]}"
00000000000000000031,116.22942963242531,131.5435805618763,161.66416162252426,152.19956001639366,141.77338901162148,84.07323342561722,100.6911852657795,165.97901740670204,164.12608516216278,104.48371598124504,165.10654155910015,112.99778394401073,122.00016877055168,127.06254032254219,170.50517547130585,122.31954865157604,87.30839160084724,158.92917674779892,69.08466203510761,98.66408172249794,127.74675507843494,122.13828139007092,155.84232188761234,96.64679788053036,120.1068032681942,95,Bushmanland Bioregion,Nama-Karoo,H_0170,1,Site_170 Waterval N ? Piet se Plek,1995,0.3183099349726766,0.063072425469888,0.2538277055690892,0.0375589778795179,0.0449303035517182,0.0,683.9975417895773,0.08573151461142708,-0.024237046500845585,0.0,0.13297612409793289,0.0,0.14054167297034137,0.038607951978930334,0.0,5.0,155.0,0.09991656585560788,-0.12224712555782986,0.1422099193435386,0.3022874507873577,0.08573151461142708,0.22711688167284605,0.06696436381848456,0.21331488017282188,2.2141412201180923,0.38639082871707137,0.3575594707986481,1.0809383459733535,12.0,0.0,"{""type"":""Point"",""coordinates"":[20.34480908398474,-28.4367665202793]}"
00000000000000000033,122.6290872246027,129.3512468636036,165.90380892157555,152.4881611764431,141.84860913455486,84.64221552014351,99.44892209768295,164.31610643863678,167.61598007380962,104.94782018661499,165.71021588146687,114.86179852485657,122.80355715751648,128.83328546583652,171.40578904747963,123.08188787102699,91.84140369296074,157.902900531888,65.87757855653763,95.46437522768974,124.02118740975857,123.88055990636349,155.3114707916975,95.02558413147926,119.10431902855635,80,Bushmanland Bioregion,Nama-Karoo,H_0172,1,Site_172 Gyam-Perdepoort,1995,-0.6690382280154882,0.06431297707340186,0.2233209691398008,0.0502646507702665,0.012304212005268893,0.0,705.9418145956606,0.090696481194281,-0.02313098211219825,0.0,0.12797185893242177,0.0,0.11383563202219837,0.049647968853924876,0.0,5.0,160.0,0.10289707867689507,-0.0843716075596137,0.15061181356774048,0.2908418503180294,0.090696481194281,0.21476173422187272,0.062315618600953505,0.22591771779093284,1.4581825829586808,0.34445692428352814,0.30829604284532913,1.1172701822817916,12.0,0.0,"{""type"":""Point"",""coordinates"":[20.387032311859823,-28.42239483758405]}"
00000000000000000037,118.29053719341755,131.37809051573277,161.45499308407307,138.91204804182053,139.19846715033054,82.78709545731544,94.4714086651802,159.4754340350628,155.42778505384922,102.99439775943756,156.7633419930935,106.49606257677078,114.62177947163582,120.93194003403187,157.93490195274353,120.15940426290035,91.68303355574608,164.14220124483109,67.90583488345146,97.77492326498032,121.72879692912102,117.55209228396416,144.93663531541824,88.44622477889061,114.4626841545105,90,Bushmanland Bioregion,Nama-Karoo,H_0176,1,Site_176 Blystaan,1995,-0.10146507527440374,0.09352539786456068,0.23707868949220304,0.028014669604028056,0.0,0.0,670.8866897575457,0.076182174201887,-0.0022711068491337617,0.0906523422055584,0.17509572805153858,0.0,0.10148820649686868,0.0632468587186654,0.06321988722612693,5.0,155.0,0.08469537768341537,-0.12712550521604735,0.11348400583867682,0.32525426733322754,0.076182174201887,0.2589371770340166,0.044674975647305805,0.17022600960224235,2.1584535627775647,0.4200008157631479,0.36547084051686185,1.1500464268452693,12.0,0.0,"{""type"":""Point"",""coordinates"":[20.32089046593406,-28.482204760013914]}"
00000000000000000004,116.95841319859028,132.01029120385647,149.9642666876316,134.20866511762142,136.54911109805107,82.61949841678143,92.28758735954762,155.3683795928955,151.3332731872797,98.66191364824772,156.34967824816704,104.89602103829384,117.51570272445679,117.82093554735184,152.89833408594131,118.91431847214699,89.48471662402153,158.76941785216331,77.05688452720642,94.69202743470669,110.72210943698883,111.83916084468365,145.4947194904089,90.14546082913876,115.57118041813374,90,Bushmanland Bioregion,Nama-Karoo,H_0145,1,Site_145 Molopo 02,2005,-0.6242066818717268,,,0.0,0.0784313753247261,0.0,559.1589566929133,,,0.044509805738925934,,0.0,0.0470588244497776,0.08745098114013672,0.0,5.0,124.0,,,,,,,,,7.979335737744655,,,,10.0,0.0,"{""type"":""Point"",""coordinates"":[20.229630503774235,-28.48352465392573]}"
0000000000000000001a,113.37294360995293,141.34121836721897,153.6427407860756,136.5365551263094,137.85027645528316,80.31101946532726,94.4698241353035,162.11541132628918,157.94008143246174,101.23396900296211,163.6951560676098,108.03892509639263,120.66056123375893,125.82408678531647,165.84173345565796,119.77667371928692,83.82807520031929,159.52702237665653,73.21300573647022,95.5934180766344,122.46239905059338,110.92078974843025,137.800711363554,85.461561024189,120.41660809516907,95,Bushmanland Bioregion,Nama-Karoo,H_0123,1,Site_123 Upper Karoup Valley,2005,-0.14603971361387744,,,0.06078431382775307,0.0,0.0,698.0800000000002,,,0.0,,0.0,0.06273953409106643,0.06078431382775307,0.0,5.0,150.0,,,,,,,,,10.610054712648745,,,,12.0,0.0,"{""type"":""Point"",""coordinates"":[20.156808924470415,-28.369804199759702]}"
0000000000000000001c,113.37294360995293,141.34121836721897,153.6427407860756,136.5365551263094,137.85027645528316,80.31101946532726,94.4698241353035,162.11541132628918,157.94008143246174,101.23396900296211,163.6951560676098,108.03892509639263,120.66056123375893,125.82408678531647,165.84173345565796,119.77667371928692,83.82807520031929,159.52702237665653,73.21300573647022,95.5934180766344,122.46239905059338,110.92078974843025,137.800711363554,85.461561024189,120.41660809516907,90,Bushmanland Bioregion,Nama-Karoo,H_0125,1,Site_125 Deksel S,2005,0.6040869730436644,,,0.052941177040338516,0.0,0.0,683.6533333333334,,,0.052941177040338516,,0.0,0.06053921580314636,0.052941177040338516,0.0,5.0,150.0,,,,,,,,,3.6379559129550136,,,,12.0,0.0,"{""type"":""Point"",""coordinates"":[20.155801167632333,-28.369197762016434]}"
0000000000000000001d,123.59895800054073,136.3887028992176,165.78474451601505,141.09420964121819,145.27748727798462,81.96691446006298,99.3357334882021,173.1841149777174,165.40599764883518,107.08746728301048,168.58310529589653,111.33167086541653,122.05966144800186,128.48741595447063,176.21699483692646,124.4030832350254,91.33990317583084,172.97380888462067,72.40667574107647,93.7240736335516,131.76255150139332,121.55333882570267,152.1205417215824,97.19618138670921,122.51991335302591,55,Bushmanland Bioregion,Nama-Karoo,H_0129,1,Site_129 Plateu,2005,0.8408124907985774,,,0.043790850788354874,0.0,0.052941177040338516,888.6745796241345,,,0.0,,0.0,0.13351158797740936,0.03921568766236305,0.0,4.0,212.0,,,,,,,,,1.150742658050077,,,,12.0,0.0,"{""type"":""Point"",""coordinates"":[20.26422420974687,-28.369193302915377]}"
00000000000000000020,116.22942963242531,131.5435805618763,161.66416162252426,152.19956001639366,141.77338901162148,84.07323342561722,100.6911852657795,165.97901740670204,164.12608516216278,104.48371598124504,165.10654155910015,112.99778394401073,122.00016877055168,127.06254032254219,170.50517547130585,122.31954865157604,87.30839160084724,158.92917674779892,69.08466203510761,98.66408172249794,127.74675507843494,122.13828139007092,155.84232188761234,96.64679788053036,120.1068032681942,85,Bushmanland Bioregion,Nama-Karoo,H_0131,1,Site_131 Berylkop,2005,-0.34667319734046514,,,0.06560259149513825,0.008121442395463476,0.0,731.6094292803972,,,0.05814917555665852,,0.0,0.09711336493492126,0.07844110608988306,0.05804992276001213,5.0,166.0,,,,,,,,,1.3627954241063993,,,,12.0,0.0,"{""type"":""Point"",""coordinates"":[20.308917779605554,-28.40617262795161]}"
00000000000000000022,107.96587839722633,132.47868958115578,153.06320740282536,137.52927877008915,140.6204948425293,84.49847969412804,93.67955674231052,154.78355912864208,154.27988462150097,102.95810377597809,158.9111280143261,103.09554329514503,122.75892323255539,122.59306755661964,150.04955630004406,118.34753331542015,87.96271969377995,168.50730353593826,74.95899005234241,94.91046494245529,111.01656697690487,107.84569384157658,141.99119739234447,87.44613632559776,109.33351454883814,85,Bushmanland Bioregion,Nama-Karoo,H_0135,1,Site_135 Mostertshoek,2005,-0.9237657931098586,,,0.05136843612971883,0.0723025985520225,0.0,670.0,,,0.040984724405960564,,0.0,0.04186221499653854,0.08802817461382739,0.050823184449465715,5.0,150.0,,,,,,,,,2.0167733731670916,,,,12.0,0.0,"{""type"":""Point"",""coordinates"":[20.17779791312898,-28.460658383723665]}"
00000000000000000023,113.23703879117966,152.14081209897995,158.14059820771217,137.88313674926758,143.81512412428856,88.17386046797037,98.86021900177002,157.48595072329044,160.93729428946972,106.9383922368288,160.10520416498184,110.33495365083218,122.24095904827118,127.86051420867443,155.2947197407484,123.79872588813305,90.91294127702713,171.52115872502327,81.48335352540016,96.80289825797081,117.18978567421436,112.617216989398,143.87923042476177,89.77706401050091,118.53256876766682,90,Bushmanland Bioregion,Nama-Karoo,H_0137,1,Site_137 Xubuxnap,2005,-0.8037314299516252,,,0.0,0.0,0.0,478.2775024777008,,,0.04019607976078987,,0.0,0.03660130873322487,0.13458110392093658,0.0,5.0,106.0,,,,,,,,,2.6556735067112354,,,,12.0,0.0,"{""type"":""Point"",""coordinates"":[20.11949962595623,-28.46779740451023]}"
00000000000000000025,113.23703879117966,152.14081209897995,158.14059820771217,137.88313674926758,143.81512412428856,88.17386046797037,98.86021900177002,157.48595072329044,160.93729428946972,106.9383922368288,160.10520416498184,110.33495365083218,122.24095904827118,127.86051420867443,155.2947197407484,123.79872588813305,90.91294127702713,171.52115872502327,81.48335352540016,96.80289825797081,117.18978567421436,112.617216989398,143.87923042476177,89.77706401050091,118.53256876766682,100,Bushmanland Bioregion,Nama-Karoo,H_0141,1,Site_141 Above Xubuxnap,2005,-0.5991689481565523,,,0.045098040252923965,0.05882352963089943,0.0,499.5601187530925,,,0.033725492656230927,,0.0,0.03872549161314964,0.07026144117116928,0.045098040252923965,6.0,123.0,,,,,,,,,3.6207190910110025,,,,12.0,0.0,"{""type"":""Point"",""coordinates"":[20.142285632339338,-28.46464036096439]}"
00000000000000000027,116.53537981212139,145.16509890556335,156.98843179643154,128.06122489273548,139.84443636238575,81.35025802254677,99.14695365726948,163.75455950200558,150.21806982159615,96.24808694422245,153.7963124513626,106.93585380911827,129.78455409407616,118.98856066167355,167.29458095133305,123.97927442193031,82.03859101235867,153.60825833678246,66.43767891824245,99.76205356419086,113.32111538946629,105.12528863549232,137.35676755011082,86.04243890941143,116.92522697150707,90,Bushmanland Bioregion,Nama-Karoo,H_0151,1,Site_151 Upper Buk River,2005,-0.0586013917872168,,,0.0,0.0022999836914994088,0.0,655.0,,,0.053042646897741,,0.0,0.09258464873644916,0.09534591736392238,0.0,5.0,137.0,,,,,,,,,0.6160375380997826,,,,12.0,0.0,"{""type"":""Point"",""coordinates"":[20.023397080052366,-28.2908691929116]}"
00000000000000000029,113.59921525418758,147.2414859086275,157.54072107374668,125.21756656467915,141.86436830461025,84.1473633646965,95.82372078299522,153.94453284144402,149.37285135686398,100.47252695262432,151.64001397788525,107.75281283259392,128.33057409524918,118.56485463678837,163.64385944604874,122.86020994186401,90.3070806413889,159.31489218771458,75.24792478978634,99.74011474847794,113.94372929632664,106.71451398730278,146.7697508186102,92.43327659368515,121.61565394699574,85,Bushmanland Bioregion,Nama-Karoo,H_0153,1,Site_153 Donkieboud,2005,-0.5211011115635906,,,0.05254425755176915,0.0439797528601673,0.0,641.7548005908421,,,0.0,,0.0,0.045474798516253426,0.050631873348130796,0.0,5.0,146.0,,,,,,,,,4.77393420020798,,,,12.0,0.0,"{""type"":""Point"",""coordinates"":[20.017404048236536,-28.353590908329377]}"
0000000000000000002a,118.31992109119892,148.957686945796,158.13761219382286,129.0820072889328,145.77236875891685,84.54126605391502,98.68070884048939,160.75617414712906,149.97891323268414,101.21586196124554,152.89263074100018,107.8409331291914,133.23053514957428,122.9370066523552,161.7958844602108,123.46995483338833,87.29522593319416,160.21441109478474,69.72252431511879,103.73750065267086,116.23853275179863,110.28813290596008,140.33055038750172,89.35226882994175,120.41693690419197,85,Bushmanland Bioregion,Nama-Karoo,H_0155,1,Site_155 Bok se Puts,2005,0.43713568494882077,,,0.0626039369301829,0.0,0.0,644.1890153389411,,,0.08123138680029246,,0.0,0.12198145517997375,0.09371432084322921,0.07101561381623982,5.0,141.0,,,,,,,,,2.5568078648389303,,,,12.0,0.0,"{""type"":""Point"",""coordinates"":[20.036524673553707,-28.326591051450755]}"
0000000000000000002d,107.47157524526119,140.61086302995682,159.74295258522034,138.21598222851753,144.94247852265835,87.50380828976631,97.19633643329144,158.00826826691628,157.19096595048904,104.69256417453289,153.26290276646614,107.45663177967072,123.86767709255219,126.10520325601101,157.10564821958542,121.06960076093674,89.15714336931705,170.1913259923458,80.56464762985706,93.76094579696655,120.18696090579033,116.13995763659477,149.38515973091125,93.14766716957092,114.1006737202406,85,Bushmanland Bioregion,Nama-Karoo,H_0157,1,Site_157 Lower Kourop Valley,2005,0.06942223688002293,,,0.060784317553043365,0.0784313753247261,0.0,632.4218289085545,,,0.03809523954987526,,0.0,0.038655463606119156,0.07494553923606873,0.0,5.082104228121927,145.0,,,,,,,,,3.0423911859152235,,,,12.0,0.0,"{""type"":""Point"",""coordinates"":[20.141866476840313,-28.41037756024501]}"
0000000000000000002e,115.50661954283714,132.86492177844048,170.4459951221943,151.0908917337656,141.37067958712578,80.62606869637966,103.4553824365139,168.45865078270435,169.3081168681383,105.1179283708334,168.08410908281803,112.95824207365513,128.3072591125965,124.05406285822392,181.82306432724,128.3459030687809,91.2828861773014,169.76628896594048,62.89754147827625,93.22098575532436,129.24795350432396,122.49312423169613,145.48830842971802,91.50718435645103,120.90853187441826,95,Bushmanland Bioregion,Nama-Karoo,H_0165,1,Site_165 Perdepoort,2005,0.7386912051881935,,,0.06332435549141914,0.047021172759143776,0.0,750.2648941408172,,,0.0,,0.0,0.07919816648590336,0.0597052321696387,0.01634083492915247,4.0,170.0,,,,,,,,,9.347149055383289,,,,12.0,0.0,"{""type"":""Point"",""coordinates"":[20.397372967202763,-28.398315691895437]}"
00000000000000000030,115.50661954283714,132.86492177844048,170.4459951221943,151.0908917337656,141.37067958712578,80.62606869637966,103.4553824365139,168.45865078270435,169.3081168681383,105.1179283708334,168.08410908281803,112.95824207365513,128.3072591125965,124.05406285822392,181.82306432724,128.3459030687809,91.2828861773014,169.76628896594048,62.89754147827625,93.22098575532436,129.24795350432396,122.49312423169613,145.48830842971802,91.50718435645103,120.90853187441826,95,Bushmanland Bioregion,Nama-Karoo,H_0167,1,Site_167 Gyam,2005,-0.18766642977076908,,,0.056726821125901675,0.05606487143195015,0.0,745.3883972468044,,,0.0,,0.0,0.12139843934698208,0.06184577064967788,0.005201766265587352,5.0,170.0,,,,,,,,,2.3759691738683792,,,,12.0,0.0,"{""type"":""Point"",""coordinates"":[20.370618360882087,-28.374713670019545]}"
00000000000000000032,116.22942963242531,131.5435805618763,161.66416162252426,152.19956001639366,141.77338901162148,84.07323342561722,100.6911852657795,165.97901740670204,164.12608516216278,104.48371598124504,165.10654155910015,112.99778394401073,122.00016877055168,127.06254032254219,170.50517547130585,122.31954865157604,87.30839160084724,158.92917674779892,69.08466203510761,98.66408172249794,127.74675507843494,122.13828139007092,155.84232188761234,96.64679788053036,120.1068032681942,100,Bushmanland Bioregion,Nama-Karoo,H_0171,1,Site_171 Waterval N ? Piet se Plek,2005,0.32495833750250125,,,0.03763793909668453,0.044377575031551784,0.0,684.0,,,0.0,,0.0,0.14033439977527892,0.03859561428874804,0.0,5.0,155.0,,,,,,,,,2.2546645823336555,,,,12.0,0.0,"{""type"":""Point"",""coordinates"":[20.344826920388957,-28.436775438481405]}"
00000000000000000034,122.6290872246027,129.3512468636036,165.90380892157555,152.4881611764431,141.84860913455486,84.64221552014351,99.44892209768295,164.31610643863678,167.61598007380962,104.94782018661499,165.71021588146687,114.86179852485657,122.80355715751648,128.83328546583652,171.40578904747963,123.08188787102699,91.84140369296074,157.902900531888,65.87757855653763,95.46437522768974,124.02118740975857,123.88055990636349,155.3114707916975,95.02558413147926,119.10431902855635,80,Bushmanland Bioregion,Nama-Karoo,H_0173,1,Site_173 Gyam-Perdepoort,2005,-0.6714613429935066,,,0.04992958340457871,0.014104433088195098,0.0,705.856788899901,,,0.0,,0.0,0.11494628527562611,0.04934497052439967,0.0,5.0,160.0,,,,,,,,,1.5696127558841457,,,,12.0,0.0,"{""type"":""Point"",""coordinates"":[20.38702785275877,-28.42242159219036]}"
00000000000000000035,116.22942963242531,131.5435805618763,161.66416162252426,152.19956001639366,141.77338901162148,84.07323342561722,100.6911852657795,165.97901740670204,164.12608516216278,104.48371598124504,165.10654155910015,112.99778394401073,122.00016877055168,127.06254032254219,170.50517547130585,122.31954865157604,87.30839160084724,158.92917674779892,69.08466203510761,98.66408172249794,127.74675507843494,122.13828139007092,155.84232188761234,96.64679788053036,120.1068032681942,80,Bushmanland Bioregion,Nama-Karoo,H_0175,1,Site_175 Riemvasmaak N,2005,-0.45914154498100596,,,0.03076369942003942,0.02021041699858169,0.0,684.8018774703556,,,0.0,,0.0,0.11904578707861922,0.031544958023177715,0.008227737779681214,5.0,167.0,,,,,,,,,2.4277953662184393,,,,12.0,0.0,"{""type"":""Point"",""coordinates"":[20.307892186363265,-28.43494274794844]}"
00000000000000000036,118.29053719341755,131.37809051573277,161.45499308407307,138.91204804182053,139.19846715033054,82.78709545731544,94.4714086651802,159.4754340350628,155.42778505384922,102.99439775943756,156.7633419930935,106.49606257677078,114.62177947163582,120.93194003403187,157.93490195274353,120.15940426290035,91.68303355574608,164.14220124483109,67.90583488345146,97.77492326498032,121.72879692912102,117.55209228396416,144.93663531541824,88.44622477889061,114.4626841545105,85,Bushmanland Bioregion,Nama-Karoo,H_0177,1,Site_177 Blystaan,2005,-0.10295587832574354,,,0.027856125252793698,0.0,0.0,670.8996539792389,,,0.09057948405767395,,0.0,0.10142135516994963,0.06318041350594912,0.06315123942992325,5.0,155.0,,,,,,,,,2.1591743922033233,,,,12.0,0.0,"{""type"":""Point"",""coordinates"":[20.320894925035113,-28.482204760013914]}"
00000000000000000011,170.94748637080193,156.90565052628517,158.0430022776127,189.10810193419456,181.5059088766575,150.4507421553135,148.0238127708435,171.9166820049286,167.5483881831169,166.79409462213516,196.7967771589756,168.02243402600288,188.83213275671005,145.33285197615623,167.6986444592476,152.16198462247849,192.0412901341915,172.41518819332123,136.3342181146145,191.2934708595276,183.52467721700668,178.5366175174713,222.6468275487423,189.46654278039932,167.7529971897602,50,Bushmanland Bioregion,Nama-Karoo,H_0110,3,Site_110 Quartize Mt,2005,0.8212736712307674,0.05892777154838181,0.2251567392454189,0.0,0.0,0.0,1038.6429961089493,0.12666455946195912,-0.03467563347227813,0.0,0.11588700536406574,0.0,0.21411156597826264,0.10028357159868173,0.10378475831133034,5.963521400778211,176.0,0.14444464633552948,-0.0983504572890496,0.20556724526654885,0.31477388333717676,0.12666455946195912,0.2075218753925441,0.11716681091180106,0.3083508645079248,4.244758382729519,0.38367915294107763,0.326076769019959,1.1790135800838473,12.0,0.0,"{""type"":""Point"",""coordinates"":[18.183478344278473,-29.55022634883]}"
00000000000000000013,177.23512455821037,158.91890317201614,157.95985436439514,193.53775718808174,195.04564636945724,158.30613720417023,153.55144548416138,182.2792445719242,181.1285941004753,175.80918982625008,197.31330636143684,171.13525286316872,195.78940251469612,147.08643472194672,172.18588626384735,159.0527347922325,198.1632114648819,168.4576337337494,140.60777220129967,199.57122069597244,191.1565505862236,191.5034207701683,246.58073475956917,193.86747255921364,165.01749095320702,65,Bushmanland Bioregion,Nama-Karoo,H_0114,3,Site_114 E of Springbok,2005,0.8028193113722556,0.0645608301328836,0.2272861223406945,0.0,0.0,0.0,1021.0087548638135,0.11616151229793693,-0.03132029955641364,0.0,0.1274378169871548,0.0,0.19830879482081898,0.10843569690412354,0.11252733982432679,5.0,175.0,0.13327222100752573,-0.09868166792108625,0.1852501729061168,0.32238050058831963,0.11616151229793693,0.22163510160223523,0.09645959882043913,0.2778752669402134,2.1025947982930955,0.3928017662946818,0.33449240072344066,1.1753625561870955,12.0,0.0,"{""type"":""Point"",""coordinates"":[18.12264728770737,-29.55728956489866]}"
00000000000000000016,177.23512455821037,158.91890317201614,157.95985436439514,193.53775718808174,195.04564636945724,158.30613720417023,153.55144548416138,182.2792445719242,181.1285941004753,175.80918982625008,197.31330636143684,171.13525286316872,195.78940251469612,147.08643472194672,172.18588626384735,159.0527347922325,198.1632114648819,168.4576337337494,140.60777220129967,199.57122069597244,191.1565505862236,191.5034207701683,246.58073475956917,193.86747255921364,165.01749095320702,20,Bushmanland Bioregion,Nama-Karoo,H_0118,3,Site_118 Springbok-Pofadder,2005,0.21577514025861372,0.06163931456574735,0.2276613997046355,0.0,0.0,0.0,1025.3958843704067,0.11641069691827169,-0.03547829728699501,0.0,0.12135357357149087,0.0,0.20054104190460315,0.10284170478450969,0.10645517014014494,5.0,175.0,0.13367650742217757,-0.09729287938736399,0.18814239344691486,0.3167806584597919,0.11641069691827169,0.2165461286705303,0.10407891988549846,0.2822135756379071,4.521209010769491,0.3850381767586246,0.32046306680838654,1.2024695823030225,12.0,0.0,"{""type"":""Point"",""coordinates"":[18.119931695165814,-29.55776668871138]}"
00000000000000000038,168.6557528078556,153.78477683663368,152.48331493139267,188.4383418560028,183.1177862882614,152.55911022424698,152.15886491537094,168.4258872270584,167.26741787791252,161.69671073555946,197.10879144072533,165.95266339182854,195.91269692778587,143.78000590205193,166.4896574318409,148.37234830856323,187.26696693897247,167.6428520679474,132.90277895331383,186.7120650112629,179.27380859851837,174.99751022458076,218.05788972973824,183.29438626766205,160.8250420987606,75,Bushmanland Bioregion,Nama-Karoo,H_0187,3,Site_187 Moreskadu 01,2005,-0.11069369347525121,0.06943232577379478,0.21983790929465105,0.0,0.0,0.0,1008.3798147245247,0.1271812988237193,-0.03659956254017813,0.0,0.1276975309976655,0.0,0.2072919504285614,0.09346083331142965,0.0954254768763386,5.039005363237446,170.0,0.14369419578922368,-0.09905656775880127,0.19706152380239317,0.33175412953800837,0.1271812988237193,0.22256231270203755,0.10677490005953494,0.29559226253450005,3.3332758276477663,0.4048152539510369,0.3375272947163306,1.2011182530225053,12.0,0.0,"{""type"":""Point"",""coordinates"":[18.24113898000058,-29.544625717906875]}"
00000000000000000047,284.56241577863693,283.66075909137726,216.8551121354103,319.18017172813416,265.7209649682045,196.3414649963379,263.1231554746628,227.70438566803932,264.83618849515915,271.8617094159126,210.2163428068161,208.67682433128357,293.399391412735,185.91836667060852,334.40650045871735,281.685610383749,229.71280473470688,213.0096738934517,192.38777366280556,251.43193024396896,232.9479159116745,282.62036645412445,328.7490735054016,239.32472896575928,238.35100972652435,40,Lower Karoo Bioregion,Nama-Karoo,H_0060,8,Site_60 Beaufort West 02,1989,0.9778245913215519,0.06042306530333701,0.15825524264857885,0.007492063882805052,0.0,0.0,874.4890476190478,0.10275217463927612,0.01634949302744298,0.06205851604541142,0.1009908878306548,0.0,0.053001867979764944,0.007492063882805052,0.006169934691417786,4.0,227.0,0.09531387191088428,-0.06945414264642058,0.19550945301850636,0.18605625995567868,0.10275217463927612,0.12520921641872043,0.13971727498940062,0.2932641792865027,6.727739238511949,0.21385012496085393,0.1646532392714705,1.300458485228675,5.0,0.0,"{""type"":""Point"",""coordinates"":[22.595522504307336,-32.34699236595547]}"
00000000000000000012,170.94748637080193,156.90565052628517,158.0430022776127,189.10810193419456,181.5059088766575,150.4507421553135,148.0238127708435,171.9166820049286,167.5483881831169,166.79409462213516,196.7967771589756,168.02243402600288,188.83213275671005,145.33285197615623,167.6986444592476,152.16198462247849,192.0412901341915,172.41518819332123,136.3342181146145,191.2934708595276,183.52467721700668,178.5366175174713,222.6468275487423,189.46654278039932,167.7529971897602,90,Bushmanland Bioregion,Nama-Karoo,H_0109,8,Site_109 Quartize Mt,2003,0.8140607126427692,0.05465807157634117,0.2840488264046144,0.0,0.0,0.0,1038.6630859375,0.08822862650777097,-0.037912251902525895,0.0,0.10770197914098391,0.0,0.21404666435410039,0.10038419250849984,0.10389798202959355,5.97265625,176.0,0.10044483231831691,-0.17447060206177412,0.15422119920549446,0.27107109733333346,0.08822862650777097,0.1986581386081525,0.13119508220552234,0.2313318031228846,4.216636079363525,0.3855908241093857,0.3387663819739828,1.1385278117377313,12.0,0.0,"{""type"":""Point"",""coordinates"":[18.183473885177424,-29.55023080793105]}"
00000000000000000015,177.23512455821037,158.91890317201614,157.95985436439514,193.53775718808174,195.04564636945724,158.30613720417023,153.55144548416138,182.2792445719242,181.1285941004753,175.80918982625008,197.31330636143684,171.13525286316872,195.78940251469612,147.08643472194672,172.18588626384735,159.0527347922325,198.1632114648819,168.4576337337494,140.60777220129967,199.57122069597244,191.1565505862236,191.5034207701683,246.58073475956917,193.86747255921364,165.01749095320702,85,Bushmanland Bioregion,Nama-Karoo,H_0113,8,Site_113 E of Springbok,2003,0.8450834476808008,0.05971316680188465,0.27138676159665925,0.0,0.0,0.0,1021.1035156250001,0.08373891897281283,-0.03936578144021041,0.0,0.11799084373342339,0.0,0.19768944347742948,0.10777505523583386,0.11193895604810679,5.0,175.0,0.09671713104035007,-0.15133504476398227,0.1421319909422891,0.28710347953892784,0.08373891897281283,0.21563430210517254,0.09859727549337552,0.213197984812723,2.063477036776021,0.38936507049947977,0.34511620935518295,1.1286046183668077,12.0,0.0,"{""type"":""Point"",""coordinates"":[18.122687419616845,-29.557316319504984]}"
00000000000000000018,177.23512455821037,158.91890317201614,157.95985436439514,193.53775718808174,195.04564636945724,158.30613720417023,153.55144548416138,182.2792445719242,181.1285941004753,175.80918982625008,197.31330636143684,171.13525286316872,195.78940251469612,147.08643472194672,172.18588626384735,159.0527347922325,198.1632114648819,168.4576337337494,140.60777220129967,199.57122069597244,191.1565505862236,191.5034207701683,246.58073475956917,193.86747255921364,165.01749095320702,60,Bushmanland Bioregion,Nama-Karoo,H_0117,8,Site_117 Springbok-Pofadder; Date written in the slide is probably wrong,2003,0.21719931855552502,0.05200844018651723,0.2865707632779031,0.0,0.0,0.0,1025.353913466213,0.0782917290491332,-0.04928689220024649,0.0,0.10823612421475745,0.0,0.20072620754312642,0.10299372352120012,0.10663119189560728,5.0,175.0,0.09250494135080983,-0.1588679765345231,0.13732252211668095,0.2817822262304293,0.0782917290491332,0.2137507004432441,0.10416714465322573,0.20598378745629825,4.522138819511388,0.38820226301425964,0.3384527890758718,1.14709519256245,12.0,0.0,"{""type"":""Point"",""coordinates"":[18.11993615426687,-29.55776222961033]}"
00000000000000000039,112.11226478219032,166.03968623280525,129.55314134061337,140.0939463376999,126.4961240440607,91.07429221272469,105.00644552707672,129.763603836298,135.0967612415552,115.50939364731312,124.59812900424004,126.5328186750412,112.05675166845322,118.75325947999954,117.16840043663979,111.86534211039543,98.62119713425636,151.67525427043438,77.03907208144665,124.872149258852,137.2934876382351,121.70553252100945,151.32350392639637,88.94799843430519,137.9306175559759,85,Bushmanland Bioregion,Nama-Karoo,H_0215,8,Site_215 Coboop 05,2008,0.9971417363258085,0.11075044931902543,0.20908707730090761,0.0,0.0,0.0,628.0083661417325,0.09475495984895142,-0.03347336654514661,0.0,0.18763281546503777,0.0,0.1399979499264026,0.08901497918203122,0.1101693179546379,4.0,105.0,0.10656771603531726,-0.0892933868531754,0.12975113189185233,0.3867973720610846,0.09475495984895142,0.2979885481561967,0.013991197493700971,0.19462670485569739,1.2849022387050268,0.46266345443629375,0.39303170996681447,1.1771264279217233,12.0,0.0,"{""type"":""Point"",""coordinates"":[19.390467817425204,-28.963252581659656]}"
0000000000000000003a,112.11226478219032,166.03968623280525,129.55314134061337,140.0939463376999,126.4961240440607,91.07429221272469,105.00644552707672,129.763603836298,135.0967612415552,115.50939364731312,124.59812900424004,126.5328186750412,112.05675166845322,118.75325947999954,117.16840043663979,111.86534211039543,98.62119713425636,151.67525427043438,77.03907208144665,124.872149258852,137.2934876382351,121.70553252100945,151.32350392639637,88.94799843430519,137.9306175559759,65,Bushmanland Bioregion,Nama-Karoo,H_0219,8,Site_219 Coboop 07,2008,0.5759758807887473,0.10309030553230282,0.21157663828650933,0.0,0.0,0.0,655.0416054821341,0.10550449119732185,-0.03325329032442585,0.0,0.17128301210194552,0.0,0.16230937838554382,0.09716776013374329,0.1286274492740631,4.925599608418992,112.0,0.11635529471272298,-0.10117182810984579,0.1471385857125911,0.3668096323282884,0.10550449119732185,0.272729008996014,0.048228704294429596,0.2207078711183061,1.9286066773937895,0.44942705131195604,0.376343438585074,1.1943969457568457,12.0,0.0,"{""type"":""Point"",""coordinates"":[19.397820875062337,-28.972723712297174]}"
0000000000000000003d,112.11226478219032,166.03968623280525,129.55314134061337,140.0939463376999,126.4961240440607,91.07429221272469,105.00644552707672,129.763603836298,135.0967612415552,115.50939364731312,124.59812900424004,126.5328186750412,112.05675166845322,118.75325947999954,117.16840043663979,111.86534211039543,98.62119713425636,151.67525427043438,77.03907208144665,124.872149258852,137.2934876382351,121.70553252100945,151.32350392639637,88.94799843430519,137.9306175559759,70,Bushmanland Bioregion,Nama-Karoo,H_0423,8,Site_423 Coboop4_Hoffman_Rohde_478,2008,0.8842338640938655,0.09369193442709238,0.2162173452093738,0.0,0.0,0.0,589.0234948604992,0.10138193502606452,-0.04068213763974545,0.0,0.16745968145508422,0.0,0.18786034764055523,0.11461913317252302,0.11461913317252302,5.0,103.0,0.11710133449490376,-0.08695064013895892,0.14544895781469414,0.37783759940329925,0.10138193502606452,0.2819095661228216,0.028971011164619587,0.21817343125171773,2.101205633600378,0.44986195305779003,0.38624610363474327,1.164683860712523,12.0,0.0,"{""type"":""Point"",""coordinates"":[19.380082571071725,-28.951498391282772]}"
00000000000000000006,125.80181467533112,161.0280783176422,131.39880692958832,144.8714354634285,148.85523957014084,84.98639687895775,99.26162213087082,141.80321130156517,164.44713154435158,114.494514554739,147.26105055212975,134.21753725409508,118.52844578027725,127.43597841262817,144.71077147126198,137.4819654226303,105.30786672234535,151.44133085012436,70.3097387701273,90.5025886297226,123.15256184339523,123.57265764474869,133.69758719205856,110.32493072748184,128.142451941967,60,Bushmanland Bioregion,Nama-Karoo,H_0390,9,Site_390 Kenhardt_Rebelo_Ad53,2013,0.1427104465162238,0.06754207892840833,0.21934377797833893,0.08451573544165544,0.062244076310833056,0.0,900.5794346978556,0.0899175500268476,-0.0015798298493172923,0.05230041517972307,0.11405213886316407,0.0,0.05467565688640459,0.0792816915562046,0.03528360834755512,3.678362573099415,167.0,0.08922756889555421,-0.1357292780402111,0.15813354138451943,0.22365998383066807,0.0899175500268476,0.16141844825495988,0.1363619546974205,0.23720031298450092,13.320131183367725,0.292089413452102,0.2454372683783256,1.1883775505289926,10.0,0.0,"{""type"":""Point"",""coordinates"":[21.103913070020205,-29.402924404630472]}"
00000000000000000010,97.3465307308361,129.27682976564392,106.53373530134559,109.6137895877473,101.63439145125449,73.64038780378178,82.03583046188578,101.68654307210818,105.18261292902753,89.78122679051012,101.64640267938375,92.02331909351051,89.71937487646937,92.4876695740968,99.73730165045708,89.80122873559594,74.801055457443,124.54766959231347,61.673624149523675,103.76910057058558,102.36063924618065,94.97041930584237,122.4845166336745,78.56409913953394,105.62266584858298,75,Bushmanland Bioregion,Nama-Karoo,H_0079,10,Site_79 Coboop 03,2002,1.0,0.08017951106640696,0.2479619152407409,0.0,0.0,0.0,514.3082225504679,0.07907350301184952,-0.041809515173742776,0.0,0.1509785161104653,0.0,0.20868044164983704,0.1255339217789064,0.1255339217789064,5.0,89.0,0.09270081362778305,-0.1197019725421683,0.122052897103516,0.3368646823702512,0.07907350301184952,0.26358703632826647,0.043000055993354595,0.18307935026465588,1.9578258124905112,0.42850478472585224,0.3720233778481646,1.151821530141131,12.0,0.0,"{""type"":""Point"",""coordinates"":[19.342884750083886,-28.934964044576585]}"
0000000000000000000e,344.9086347222328,244.78752130270004,213.42862957715988,253.42555823922157,206.46157617866993,213.9520388096571,236.45796191692352,221.7482414841652,279.45997263491154,246.68402491509914,190.75897930562496,173.32677666842937,267.38133749365807,216.28731061518192,316.0997216850519,281.1850154399872,225.2133355587721,199.9063729941845,185.47066624462605,223.09746038913727,232.39247995615005,269.12359292805195,303.05342358350754,267.3000027090311,209.24204263091087,60,Lower Karoo Bioregion,Nama-Karoo,H_0221,10,Site_221 Corndale,2009,-0.8164321159661669,0.058138480864391114,0.21127860565735568,0.0,0.0,0.0,709.3301752723827,0.0958435823465907,-0.00228987207741237,0.0,0.09875992416615512,0.0,0.0,0.0,0.0,5.0,303.7375651350071,0.09443569653466774,-0.12227896079668102,0.17976120299973344,0.2036462192256436,0.0958435823465907,0.14167123515563007,0.15388894107233345,0.26964181648899954,2.139908060763245,0.2603529404402343,0.21266223277767815,1.2264314044543996,6.0,0.0,"{""type"":""Point"",""coordinates"":[24.441621554141303,-32.33058287407879]}"
0000000000000000000f,348.1602304726839,243.14956241846085,214.46937382221222,265.77324253320694,199.2296878695488,216.98471981287003,234.6059796065092,216.6034782230854,273.05804550647736,259.6406360566616,183.02391502261162,162.82804039120674,251.835313975811,209.6342096477747,312.55621717870235,275.5006647258997,229.51194483041763,196.3012701123953,206.25070774555206,233.7257271707058,242.62433211505413,278.96207098662853,320.0624809861183,255.03337091207504,213.34745147824287,35,Lower Karoo Bioregion,Nama-Karoo,H_0239,10,Site_239 Roodeberg01,2009,0.9146774153442777,0.06121260425044917,0.21692747158704062,0.0,0.0,0.0,755.5486935866982,0.11285150553013536,0.0017230888195955267,0.036387687185314654,0.10259190689852005,0.0,0.0,0.0,0.0,4.0,293.0,0.1100586689636996,-0.14337431522276506,0.20402525488526124,0.21482355753911078,0.11285150553013536,0.14224811979257576,0.18677253502281713,0.30603788088732825,10.705802296799321,0.28672820941286237,0.22810261643838994,1.2580813568165068,6.0,0.0,"{""type"":""Point"",""coordinates"":[24.398461915045,-32.48692787521471]}"
00000000000000000005,114.3057970404625,149.98513334989548,126.83768817782402,145.3083117902279,143.56073585152626,81.2039021551609,100.74834123253822,135.88800080120564,167.62617853283882,105.25918844342232,138.40249380469322,128.48420682549477,118.31444936990738,124.55782517790794,142.99579122662544,131.49146696925163,101.96250203251839,146.30592124164104,69.69781789183617,85.5821622312069,122.30027264356613,123.28487105667591,130.21324062347412,99.58547505736351,117.35787019133568,65,Bushmanland Bioregion,Nama-Karoo,H_0302,10,Site_302 Ondersterdriekoppies02,2010,-0.057019611828170245,0.07705875257501012,0.21320022583820744,0.08112744987010956,0.0,0.0,852.116902094496,0.1007900515918725,-0.017969596116675212,0.054901961237192154,0.12073492358225008,0.0,0.0730392187833786,0.08112744987010956,0.0,4.0,160.0,0.10145171750944765,-0.1273225875407153,0.16370069153182287,0.25367519144772677,0.1007900515918725,0.18238068348421918,0.12597366905450474,0.24555103748644846,7.286278892364726,0.32779817516142956,0.27237613573924435,1.2038989718577016,10.0,0.0,"{""type"":""Point"",""coordinates"":[21.11510987276541,-29.353834161133083]}"
00000000000000000040,497.1586053967476,377.6770461797714,395.7587290108204,473.7367419600487,320.56892508268356,330.17769825458527,397.7637436389923,329.39667171239853,394.4433771073818,396.96692821383476,326.31660592556,231.66654282808304,369.6521926224232,357.6716497540474,421.80734357237816,383.01736879348755,314.78901356458664,441.0259186923504,223.091855853796,305.53929874300957,326.89748653769493,344.06089544296265,400.1765573322773,316.2112620472908,336.7843539118767,30,Upper Karoo Bioregion,Nama-Karoo,H_0322,10,Site_322 Erin Renosterberg E,2010,0.562880533520253,0.04882084370202844,0.26212617606210614,0.0,0.0,0.0,1288.9366602687141,0.12015588285540896,-0.014714855943840434,0.0,0.0817401445472538,0.0,0.1352941244840622,0.0,0.0,5.0,377.0,0.12010245750195236,-0.19647744157835986,0.23102266952080824,0.20707713513708384,0.12015588285540896,0.12937430133631958,0.2365096695935658,0.3465340180383305,1.7113062512279702,0.3083440210677384,0.2592762388331876,1.1893057818604982,4.0,0.0,"{""type"":""Point"",""coordinates"":[24.99827343414822,-31.601872120823607]}"
00000000000000000041,434.9670386314392,391.42952477931976,418.5941752195358,450.8177502155304,326.05771696567535,340.31097093224525,405.72387677431107,349.3392658531666,434.53308469057083,372.936218559742,340.5307854115963,235.99838039278984,374.31877967715263,364.09185671806335,440.8950147330761,387.739320397377,296.6829836964607,409.49301636219025,210.34115794301033,281.89090156555176,271.1803564429283,307.8121494650841,366.77190041542053,339.41312447190285,332.46045047044754,10,Upper Karoo Bioregion,Nama-Karoo,H_0332,10,Site_332 Grootfontein - Afrikander Camp,2010,-0.9183127046411755,0.0454267349160071,0.2763225007490472,0.0,0.0,0.0,1326.3132472501195,0.11354592807024418,-0.0037918368444409697,0.0,0.07442315234586648,0.0,0.0,0.0,0.0,5.0,385.0,0.10813339028929707,-0.23308424279628218,0.23817416597273527,0.17428871885918365,0.11354592807024418,0.10721140645269799,0.2768058307942793,0.357261257300475,1.181211490798715,0.280260415395899,0.22707653278685372,1.234251748540651,4.0,0.0,"{""type"":""Point"",""coordinates"":[25.024907644740452,-31.41479053612629]}"
00000000000000000042,429.99383997917175,303.17112240195274,317.4799004793167,352.9843053519726,291.67954155802727,286.55452436208725,351.37567952275276,321.161090105772,369.7750797867775,386.0000567436218,301.4610450267792,194.38396883010864,343.5958108305931,322.0083516538143,396.1899657845497,361.0123611688614,305.1000652015209,458.22363981604576,205.99865627288818,311.9930413365364,308.90224316716194,307.49882090091705,369.3677142560482,314.7732799947262,297.3053428530693,40,Upper Karoo Bioregion,Nama-Karoo,H_0346,10,Site_346 Conway Farm,2010,0.8065870740510261,0.05034915260988461,0.21695386269967334,0.0,0.0,0.0,1156.5673860911272,0.11064363418580245,-0.009791094697207856,0.03484553698477128,0.0818541390146855,0.0,0.0,0.0,0.0,4.0,357.0,0.10771317768225568,-0.13796255484902314,0.2182185261369609,0.19185955822467804,0.11064363418580245,0.12315022011669421,0.2008584286311834,0.32732779217852676,7.355462954770462,0.2532848496802991,0.19928963721084367,1.2710114930173477,4.0,0.0,"{""type"":""Point"",""coordinates"":[25.265730315333904,-31.73998831685304]}"
00000000000000000043,415.7779177725315,274.8392903506756,307.794182151556,326.8829601109028,274.1514366865158,282.51651632785797,343.7201461493969,306.1401273012161,340.51151278615,358.563349545002,291.1091830432415,196.68893857300282,318.6069973707199,321.1460771262646,366.6114153265953,344.09123599529266,287.93100064992905,393.77064248919487,196.2919624298811,277.72997975349426,271.6795896589756,276.43403112888336,349.49693873524666,299.9136346876621,295.8670828938484,25,Upper Karoo Bioregion,Nama-Karoo,H_0348,10,Site_348 The Mimosas,2010,0.06571690321894598,0.07924714546275809,0.21171762795322102,0.01993043380702855,0.0,0.0,1151.0,0.1280643178570197,-0.017172651737573093,0.0,0.11997622966013126,0.0,0.013097141876027988,0.0,0.0,5.0,356.0,0.1267079413185872,-0.14056981095229665,0.20039404822805687,0.26703288810106474,0.1280643178570197,0.17787796559507754,0.15972781240314768,0.3005910788227048,0.7770976743416155,0.3543782843881751,0.29469791387283745,1.202574972715273,4.0,0.0,"{""type"":""Point"",""coordinates"":[25.202179207120192,-31.606514045020248]}"
00000000000000000044,452.3789218366146,345.73732566833496,376.35814157128334,423.52430111169815,293.25061908364296,302.34165674448013,361.9202027618885,304.73349690437317,368.623159378767,355.66488230228424,300.5251062065363,213.73379668593407,330.16781160235405,326.2459446489811,387.5109776556492,351.21911692619324,289.40748158097267,441.5041734576225,201.28714179992676,297.1769990324974,304.46050307154655,307.9876012802124,360.6315610408783,299.0491645336151,300.6498013138771,30,Upper Karoo Bioregion,Nama-Karoo,H_0350,10,Site_350 Erin - Fence Line; Date written in the slide is probably wrong,2010,0.22569827385870864,0.052732123576645994,0.2441331377861947,0.0,0.0,0.0,1286.7265774378586,0.1164026188826185,-0.015652925915745432,0.0,0.08909488413091145,0.0,0.07058823853731155,0.0,0.0,5.0,375.0,0.1178126721064174,-0.16568533834746646,0.21610580773643054,0.21885598472267906,0.1164026188826185,0.14111056923866272,0.20483021141095786,0.32415870984528306,1.3959770227709418,0.30582220744106553,0.25284664936890794,1.209748834542517,4.0,0.0,"{""type"":""Point"",""coordinates"":[24.99431375241276,-31.59533507867926]}"
00000000000000000014,177.23512455821037,158.91890317201614,157.95985436439514,193.53775718808174,195.04564636945724,158.30613720417023,153.55144548416138,182.2792445719242,181.1285941004753,175.80918982625008,197.31330636143684,171.13525286316872,195.78940251469612,147.08643472194672,172.18588626384735,159.0527347922325,198.1632114648819,168.4576337337494,140.60777220129967,199.57122069597244,191.1565505862236,191.5034207701683,246.58073475956917,193.86747255921364,165.01749095320702,75,Bushmanland Bioregion,Nama-Karoo,H_0115,10,Site_115 E of Springbok,2012,0.7212889929637802,0.0670854710498337,0.27206345787249064,0.0,0.0,0.0,1021.0151737640723,0.08330077453681901,-0.03586528597219983,0.0,0.126147648916779,0.0,0.19826684122685412,0.1083909463879529,0.1124874839100602,5.0,175.0,0.0946094189067127,-0.1627961710146462,0.1378896761424858,0.29151654686930123,0.08330077453681901,0.22114786583013063,0.09857842609162314,0.20683450693455155,2.0597409225828907,0.4038841914617134,0.3584733458780157,1.126087067177409,12.0,0.0,"{""type"":""Point"",""coordinates"":[18.122651746808423,-29.557271728494445]}"
00000000000000000017,177.23512455821037,158.91890317201614,157.95985436439514,193.53775718808174,195.04564636945724,158.30613720417023,153.55144548416138,182.2792445719242,181.1285941004753,175.80918982625008,197.31330636143684,171.13525286316872,195.78940251469612,147.08643472194672,172.18588626384735,159.0527347922325,198.1632114648819,168.4576337337494,140.60777220129967,199.57122069597244,191.1565505862236,191.5034207701683,246.58073475956917,193.86747255921364,165.01749095320702,35,Bushmanland Bioregion,Nama-Karoo,H_0119,10,Site_119 Springbok-Pofadder,2012,0.21577514025861372,0.06098164264103585,0.2756537288091511,0.0,0.0,0.0,1025.3958843704067,0.08518051133764426,-0.04319991849249686,0.0,0.11356778729420441,0.0,0.20054104190460315,0.10284170478450969,0.10645517014014494,5.0,175.0,0.09693927374804855,-0.16441949004638667,0.14470840050916003,0.2823396822157471,0.08518051133764426,0.21058118539017714,0.11119802035884142,0.21706261157639062,4.521209010769491,0.3948052658104885,0.35020892146111465,1.1254337738682858,12.0,0.0,"{""type"":""Point"",""coordinates"":[18.119931695165814,-29.55776668871138]}"
00000000000000000000,170.39193892478943,178.43315955996513,165.21040505170822,186.0976380109787,190.76437363028526,117.53057804703712,152.3314259648323,163.7263079881668,198.71146234869957,158.34709200263023,184.2180041372776,193.93260824680328,156.84596851468086,156.32962170243263,187.3720487356186,180.11941474676132,139.52217972278595,203.47270050644875,100.75532701611519,113.62282755970955,174.0659740269184,176.60833790898323,172.9564680159092,156.89082142710686,136.13041630387306,80,Bushmanland Bioregion,Nama-Karoo,H_0089,11,Site_89 Strandberg 03,2002,0.6243969542303219,,,0.0,0.0,0.0,971.8290180752318,,,0.07040240836175524,,0.0,0.06770916491688665,0.0,0.0,4.215925744992672,189.0,,,,,,,,,25.31031832674042,,,,10.0,0.0,"{""type"":""Point"",""coordinates"":[21.646866591590943,-30.006936396926044]}"
00000000000000000001,224.1836884021759,222.57425478100777,208.9672702550888,233.58750092983246,202.0509340763092,144.8449336886406,215.74819415807724,198.7108541727066,283.5008228421211,205.9174558520317,228.40695160627365,188.62436598539352,237.69475147128105,263.7609016895294,257.01988184452057,224.41625401377678,182.2306845188141,299.6023998260498,116.0738528072834,162.25196024775505,195.27139991521835,205.97949373722076,215.43023297190666,181.89438742399216,209.53758975863457,65,Bushmanland Bioregion,Nama-Karoo,H_0095,11,Site_95 Koegas 01,2002,0.6450090436816763,,,0.004025070517454096,0.0,0.004025070517454096,1027.0542521994132,,,0.199815041421096,,0.0,0.0,0.0,0.0,1.0,239.0,,,,,,,,,29.97421101321223,,,,10.0,0.0,"{""type"":""Point"",""coordinates"":[22.370137241560915,-29.304360434945107]}"
00000000000000000002,224.1836884021759,222.57425478100777,208.9672702550888,233.58750092983246,202.0509340763092,144.8449336886406,215.74819415807724,198.7108541727066,283.5008228421211,205.9174558520317,228.40695160627365,188.62436598539352,237.69475147128105,263.7609016895294,257.01988184452057,224.41625401377678,182.2306845188141,299.6023998260498,116.0738528072834,162.25196024775505,195.27139991521835,205.97949373722076,215.43023297190666,181.89438742399216,209.53758975863457,65,Bushmanland Bioregion,Nama-Karoo,H_0101,11,Site_101 Koegas 04,2002,-0.28582255478929314,,,0.06070893772318595,0.0,0.06070893772318595,941.8222331047994,,,0.16127467513026034,,0.0,0.0,0.0,0.0,5.0,239.0,,,,,,,,,5.504403274509978,,,,10.0,0.0,"{""type"":""Point"",""coordinates"":[22.367863100023655,-29.301997111386775]}"
0000000000000000003b,112.11226478219032,166.03968623280525,129.55314134061337,140.0939463376999,126.4961240440607,91.07429221272469,105.00644552707672,129.763603836298,135.0967612415552,115.50939364731312,124.59812900424004,126.5328186750412,112.05675166845322,118.75325947999954,117.16840043663979,111.86534211039543,98.62119713425636,151.67525427043438,77.03907208144665,124.872149258852,137.2934876382351,121.70553252100945,151.32350392639637,88.94799843430519,137.9306175559759,80,Bushmanland Bioregion,Nama-Karoo,H_0398,11,Site_398 Coboop_Rebelo_Ad01,2013,0.9365627138741514,0.11189616170428845,0.22523624022127722,0.0,0.0,0.0,657.9827925270401,0.07715649787069187,-0.033215636944246264,0.08450411871119584,0.1959653220111055,0.0,0.12515761850506152,0.1005285959123041,0.002260589706569529,5.0,116.0,0.09000145417574935,-0.09755216735976519,0.10914932492472076,0.38890049371395846,0.07715649787069187,0.31622233013956713,-0.005549740833353943,0.1637239949658674,2.9687147849663402,0.4733443786202396,0.4070348710905954,1.1613388568485263,12.0,0.0,"{""type"":""Point"",""coordinates"":[19.39960897458477,-28.97511824956288]}"
0000000000000000003c,107.31040381640196,160.24037846177816,124.83797998726368,134.1645111888647,120.22756661474705,85.76380403339863,98.62762916088104,124.93203124403954,129.42107866704464,114.22905842959881,118.73610845208168,122.70131872594357,107.30797353386879,116.46935068070889,112.70297935605049,108.9024807214737,88.37956362962723,145.00527469813824,72.57212833315134,117.48611917346716,130.87083333730698,117.0937482714653,145.16532009840012,82.82828461378813,132.05617047846317,90,Bushmanland Bioregion,Nama-Karoo,H_0402,11,Site_402 Coboop_Rebelo_Ad05,2013,0.9452936539407938,0.09383395810921989,0.2499088176827372,0.0,0.0,0.0,655.4365432098767,0.09381715507419024,-0.050487923055519295,0.0,0.17467685622197612,0.0,0.1997509415650074,0.13560537934303288,0.13560537934303288,5.0,116.0,0.11329255215915636,-0.12566867610554638,0.13449079550342796,0.4051650379616538,0.09381715507419024,0.3080218825075362,0.03073320072098279,0.2017361922543726,1.9710032862204097,0.519694944958628,0.4353674188808159,1.1871319455276304,12.0,0.0,"{""type"":""Point"",""coordinates"":[19.407448074236722,-28.97513162686603]}"
0000000000000000003e,112.11226478219032,166.03968623280525,129.55314134061337,140.0939463376999,126.4961240440607,91.07429221272469,105.00644552707672,129.763603836298,135.0967612415552,115.50939364731312,124.59812900424004,126.5328186750412,112.05675166845322,118.75325947999954,117.16840043663979,111.86534211039543,98.62119713425636,151.67525427043438,77.03907208144665,124.872149258852,137.2934876382351,121.70553252100945,151.32350392639637,88.94799843430519,137.9306175559759,75,Bushmanland Bioregion,Nama-Karoo,H_0424,11,Site_424 Coboop4_Hoffman_Rohde_478,2013,0.8823416954579736,0.10656319857590477,0.22900970095908768,0.0,0.0,0.0,589.0,0.09313524378607466,-0.04905426753129545,0.0,0.19246384457030485,0.0,0.18778774335994985,0.11454307146639885,0.11454307146639885,5.0,103.0,0.11136754262074465,-0.09902725294815015,0.12811866602910463,0.4265102829751381,0.09313524378607466,0.32902174238352244,-0.004852849058351706,0.19217799733577703,2.1052406834017847,0.5197238021640367,0.4467394254657413,1.1551689715329503,12.0,0.0,"{""type"":""Point"",""coordinates"":[19.38008703017278,-28.951489473080663]}"
0000000000000000003f,112.11226478219032,166.03968623280525,129.55314134061337,140.0939463376999,126.4961240440607,91.07429221272469,105.00644552707672,129.763603836298,135.0967612415552,115.50939364731312,124.59812900424004,126.5328186750412,112.05675166845322,118.75325947999954,117.16840043663979,111.86534211039543,98.62119713425636,151.67525427043438,77.03907208144665,124.872149258852,137.2934876382351,121.70553252100945,151.32350392639637,88.94799843430519,137.9306175559759,85,Bushmanland Bioregion,Nama-Karoo,H_0437,11,Site_437 Coboop_Hoffman_154,2013,0.9624648548283798,0.11405774855890602,0.22472998906464337,0.0,0.0,0.0,640.155012224939,0.08150559273573471,-0.028261411324835648,0.0,0.20054609895043965,0.0,0.1407407522201538,0.10566449165344238,0.1321568638086319,4.0,106.47872860635697,0.09348223265852498,-0.1060289248969852,0.1116620826218414,0.39456889033317566,0.08150559273573471,0.3152980109735923,0.007285134200334622,0.1674931277054155,2.651088052040791,0.49233485942656374,0.41351758992176474,1.1905203737081702,12.0,0.0,"{""type"":""Point"",""coordinates"":[19.389250482837618,-28.966570152843417]}"
