system:index,0_2013_precipitation,10_2023_precipitation,11_2024_precipitation,1_2014_precipitation,2_2015_precipitation,3_2016_precipitation,4_2017_precipitation,5_2018_precipitation,6_2019_precipitation,7_2020_precipitation,8_2021_precipitation,9_2022_precipitation,BareGround,BioRegion,Biome,ID,Month,Notes,Year,aspect,blue,bsi,calcite,chlorite,dolomite,elevation,evi,exg,goethite,green,gypsum,hematite,illite_muscovite,kaolinite,landforms,meanAnnualPrecipitation,msavi,nbr,ndmi,ndvi,nir,osavi,red,satvi,savi,slope,swir1,swir2,swirRatio,vegType,vermiculite,.geo
00000000000000000024,86.06191718578339,96.70292374491692,79.92670987546444,111.23104286193848,87.5262898504734,96.32060945034027,72.86282005906105,111.31749334931374,64.0164961963892,80.41544356942177,122.90668460726738,160.9045386314392,94.6,Inland Saline Vegetation,Azonal Vegetation,F_0011,10,_Plain,2024,0.08936376881981545,0.12578761704978925,0.1608461368541338,0.0,0.0,0.0,903.0,0.07301234840015115,-0.009150764399677182,0.06828347992309383,0.1966483823415896,0.0,0.05674227957639549,0.04006151912888604,0.0,5.0,150.0,0.07433974563771513,0.00397314656287931,-0.03732309913992766,0.09902668371977535,0.3360842844130288,0.09046091482354462,0.2771031479339915,-0.03645307142441281,0.08053700024494562,0.08287684809762103,0.3631153734000115,0.3325447552466983,1.0886128292088373,8.0,0.0,"{""type"":""Point"",""coordinates"":[20.56899930764884,-30.34841881469998]}"
00000000000000000025,216.10326573252678,283.52346590161324,179.36204183101654,209.07020339369774,203.24628499150276,172.32430654764175,165.14653179049492,226.93971717357635,143.97936242818832,192.14098793268204,209.53324383497238,308.98997125029564,100.0,Inland Saline Vegetation,Azonal Vegetation,F_0002,7,_Plain,2024,0.0,0.06941125489764317,0.13028468608912588,0.0,0.0,0.0,844.0,0.07810310504153412,-0.0018447598155196703,0.0,0.11444519714662907,0.0,0.059867306211531544,0.03692692989094029,0.0,5.0,242.0,0.07675193573719168,0.10691517236921849,0.01832331686528257,0.13786732781125105,0.21265599460058202,0.11192052125536053,0.16085445789255504,0.017761386727408457,0.08836414269546122,0.0,0.2046404332345459,0.17127433069607165,1.1948343032694357,9.0,0.0,"{""type"":""Point"",""coordinates"":[23.57657824527807,-32.479338485221746]}"
00000000000000000026,223.462747707963,292.4180120974779,188.92498783767223,214.8937062099576,218.317494481802,176.12146158516407,166.66050213575363,214.41038751602173,150.69296871125698,248.05413261055946,227.60628625750542,283.3137177377939,100.0,Inland Saline Vegetation,Azonal Vegetation,F_0003,7,Karri grove_Plain,2024,-0.5498240025631591,0.12418948334337182,0.18058884383966206,0.02901516155830967,0.0,0.0,642.0,0.07797359933263302,-0.01278497293478825,0.06327390807393819,0.20331580410861116,0.0,0.07958783027636758,0.030006672306750363,0.0,5.0,287.0,0.0847597607113914,0.013848432237451849,-0.051454090041465825,0.10712653033731118,0.36533805033604017,0.09932903330667485,0.2956570500687526,-0.0274328660912678,0.09072414383165443,1.0101834887423904,0.4060895815491677,0.3568292227776155,1.136426193671326,9.0,0.0,"{""type"":""Point"",""coordinates"":[24.488321719474044,-32.43765034947308]}"
00000000000000000027,223.462747707963,292.4180120974779,188.92498783767223,214.8937062099576,218.317494481802,176.12146158516407,166.66050213575363,214.41038751602173,150.69296871125698,248.05413261055946,227.60628625750542,283.3137177377939,32.3,Inland Saline Vegetation,Azonal Vegetation,F_0004,7,Karri grove_Plain,2024,-0.13898553809160338,0.05148153027953108,0.12561630472888385,0.05771761525888661,0.0,0.03610605600049302,648.0,0.19000540069459113,0.013370625146339759,0.0,0.09051858591911398,0.0,0.05956080910004588,0.0,0.0,5.0,288.0,0.17884381716163994,0.0843862512001306,-0.04580465816262789,0.34328687840674627,0.2283401978988979,0.26789018876322224,0.10927942563300473,0.23347454125514658,0.20435510118310649,0.16131557537679841,0.2456481653145528,0.18712232088486622,1.302658336551799,9.0,0.0,"{""type"":""Point"",""coordinates"":[24.4934407674834,-32.42883916579147]}"
00000000000000000002,84.59384252130985,96.41952934861183,78.95272183418274,106.77713766694069,83.21310918033123,95.06727135181427,73.47133567929268,110.2117728292942,64.37777037918568,81.70070803165436,124.10742753744125,157.5544564127922,83.9,Bushmanland Bioregion,Nama-Karoo,F_0009,10,_Plain,2024,-0.7436078566057678,0.07980021881552017,0.16720485830243134,0.013065528670753201,0.045098040252923965,0.0,918.1490501704823,0.02865757408138606,0.023753255164759714,0.07167671412897295,0.13642234208231951,0.0,0.0,0.04588340477055303,0.0,5.0,153.0,0.027297444349446066,0.035969085064142786,-0.04423994300964107,0.05182266196519993,0.18746756888922397,0.041411298597970936,0.16919497101119943,-0.004529935603120302,0.0322345842675819,1.9658455366746892,0.20421874601551807,0.1755540136064603,1.1706189516980767,15.0,0.0,"{""type"":""Point"",""coordinates"":[20.523222176234167,-30.32702850694659]}"
00000000000000000003,84.59384252130985,96.41952934861183,78.95272183418274,106.77713766694069,83.21310918033123,95.06727135181427,73.47133567929268,110.2117728292942,64.37777037918568,81.70070803165436,124.10742753744125,157.5544564127922,78.5,Bushmanland Bioregion,Nama-Karoo,F_0010,10,_Plain,2024,0.5075791157343303,0.08114449029776638,0.2136787683696234,0.03376959292267748,0.0,0.0,905.0193892389723,0.04263512712735837,-3.783337797173238E-4,0.10735199177548312,0.13001049662815156,0.0,0.0,0.03496763872012489,0.0,5.0,151.0,0.04209388333128543,-0.02119172076273473,-0.1228989443903806,0.07446422247316326,0.21004564088637886,0.06115040463682985,0.18062917756704933,0.06551108504968306,0.048800456324538964,0.4865029518371986,0.2689661190050988,0.21944537860672278,1.2279571542679772,15.0,0.0,"{""type"":""Point"",""coordinates"":[20.549811795815867,-30.33691879308314]}"
0000000000000000002f,123.71639826893806,122.59589004516602,99.9022588133812,112.93460854887962,104.7801508307457,112.82211409509182,68.96966180205345,122.83850309252739,75.69950675964355,105.22617602348328,164.06574603915215,190.25569042563438,74.2,Upper Karoo Bioregion,Nama-Karoo,F_0013,10,_Plain,2024,0.4875185499318543,0.06280345296618914,0.2438399596690788,0.00650765367314585,0.03529411926865578,0.0,1050.7123617123618,0.07111563728141233,-0.008241456376497078,0.09599815119826606,0.10425658469563669,0.0,0.10065925505125162,0.0,0.0,4.0,187.0,0.07121224235160928,-0.1084663719297201,-0.15983716176644494,0.13311020600976367,0.2041287688021479,0.10595393173321328,0.15599234225860065,0.13196959196374417,0.08263484546632477,2.749715273743813,0.2828580391928805,0.2540035237194886,1.1153408497098896,1.0,0.0,"{""type"":""Point"",""coordinates"":[20.157419821314733,-31.275662124157726]}"
00000000000000000033,123.71639826893806,122.59589004516602,99.9022588133812,112.93460854887962,104.7801508307457,112.82211409509182,68.96966180205345,122.83850309252739,75.69950675964355,105.22617602348328,164.06574603915215,190.25569042563438,87.1,Upper Karoo Bioregion,Nama-Karoo,F_0012,10,_Slope,2024,-0.9553119382319348,0.04713494695094695,0.2753910370763526,0.0,0.0,0.0,1043.0703614457834,0.05160400273211032,-0.009111163863934667,0.13124356941286341,0.07520494558365949,0.0,0.13305552300200402,0.0,0.0,4.700240963855422,186.0,0.0489022000636681,-0.11457191105348519,-0.2146525547877852,0.11838559251233756,0.14036995126540405,0.0849763664998204,0.11086026480398983,0.18358647625130345,0.06017439185675369,4.189632140929442,0.2165353269390313,0.17630528591483471,1.2289440037830766,1.0,0.0,"{""type"":""Point"",""coordinates"":[20.160300400595265,-31.283140036624353]}"
00000000000000000030,123.71639826893806,122.59589004516602,99.9022588133812,112.93460854887962,104.7801508307457,112.82211409509182,68.96966180205345,122.83850309252739,75.69950675964355,105.22617602348328,164.06574603915215,190.25569042563438,91.4,Upper Karoo Bioregion,Nama-Karoo,F_0014,10,_Plain,2024,-0.7027390891499812,0.0670863570415418,0.22944331001570914,0.003178461845507707,0.0,0.0,1027.440172993753,0.04671413734454997,0.0021709379011023108,0.07392239275959925,0.11409267076057979,0.0,0.05965269393305948,0.043128686234290524,0.0029020738760649383,5.0,184.0,0.045985474026100044,-0.059119358950584115,-0.13834385054722134,0.08723021996445177,0.19068959225747864,0.06984634759018252,0.15978800074690985,0.09391168573694925,0.05440886520253873,3.8398950261487697,0.2512361328442013,0.21410295540526875,1.1808623456427938,1.0,0.0,"{""type"":""Point"",""coordinates"":[20.175189339012714,-31.298737972109304]}"
00000000000000000014,208.99691876769066,254.32810932397842,190.96003359556198,244.24458688497543,206.87622117996216,187.68695694208145,159.6270660161972,237.6090102493763,156.37667760252953,208.0114660859108,237.5109680891037,369.2886810898781,83.9,Upper Karoo Bioregion,Nama-Karoo,F_0019,11,Taaibosfontein_Plain,2024,0.700879894336195,0.06067535729856798,0.13235053834503152,0.04053722044150757,5.237518663951916E-4,0.0,1218.0832934418381,0.06554329887125239,-0.002745365104274695,0.0,0.09521752828085693,0.0,0.0427424605113716,0.030883714142971037,0.004600193383606386,5.085208233604596,243.12685495452374,0.06180059487002783,0.05907939557055642,0.0030062003094612016,0.12584310934810677,0.17146075602180366,0.09769205262197041,0.13218618822388808,0.024957913955314243,0.07364132647639315,2.836621654952411,0.1703318791805471,0.15189730563963813,1.1189708290287272,4.0,0.0,"{""type"":""Point"",""coordinates"":[22.87173260086093,-31.916608850478983]}"
00000000000000000015,208.99691876769066,254.32810932397842,190.96003359556198,244.24458688497543,206.87622117996216,187.68695694208145,159.6270660161972,237.6090102493763,156.37667760252953,208.0114660859108,237.5109680891037,369.2886810898781,67.7,Upper Karoo Bioregion,Nama-Karoo,F_0020,11,Taaibosfontein_Plain,2024,0.4019349691594779,0.06194844502987638,0.14022262324823212,0.046460121712009056,0.057954354502892824,0.0,1198.613441372736,0.07735223113581384,0.004121197959331812,0.02704536555702483,0.09330109248667585,0.0,0.03374505834964711,0.038269174671434474,0.0,5.0,242.0,0.07019570802610982,0.04044647339031853,-0.03867294618929137,0.1534148459708952,0.16561462497915738,0.11461573708500605,0.12172432207600976,0.07797404831795607,0.08438805541870592,2.181914015368579,0.1789459351261987,0.15218132851490873,1.1756601112018439,4.0,0.0,"{""type"":""Point"",""coordinates"":[22.890211115626414,-31.91789753068343]}"
0000000000000000001e,208.99691876769066,254.32810932397842,190.96003359556198,244.24458688497543,206.87622117996216,187.68695694208145,159.6270660161972,237.6090102493763,156.37667760252953,208.0114660859108,237.5109680891037,369.2886810898781,48.4,Upper Karoo Bioregion,Nama-Karoo,F_0018,11,Taaibosfontein_Slope,2024,-0.9795146474869644,0.0641467720835666,0.2175590764639274,0.07450980693101883,0.0,0.0,1246.0536053130932,0.07262656489913785,-0.006655802575613335,0.04453781619668007,0.09111054018634661,0.0,0.04444444552063942,0.0,0.0,5.0,252.0,0.06588035267715892,-0.07346384508970001,-0.16928044888252777,0.14487872346246042,0.16593402474977267,0.10750866170258631,0.12429013604429005,0.1643992114098181,0.07916990386947735,10.930341573322526,0.23466396562232017,0.19367272302197328,1.218424361898958,4.0,0.0,"{""type"":""Point"",""coordinates"":[22.851198440509812,-31.915458402407197]}"
00000000000000000028,230.62640818953514,322.56970596313477,234.29189932346344,170.89813950657845,187.55215799808502,185.43517205119133,160.737680464983,199.3679656982422,150.85373231768608,188.36523658037186,269.1997027397156,284.4030320048332,40.9,Lower Karoo Bioregion,Nama-Karoo,F_0016,11,Klein Waterval_Plain,2024,0.954099407079955,0.05607915047168619,0.11857245147451687,0.05686274543404579,0.0,0.0,938.6865042174319,0.1134778180045286,0.014898749944712922,0.0,0.0902736984619272,0.0,0.0,0.045098040252923965,0.0,5.0,280.0,0.10290006669665899,0.09661734407207288,-0.02333772232216602,0.22610087786306257,0.1735947001254101,0.16755558076928234,0.1095694980698427,0.13168886894641238,0.12260468341864038,2.0501574303574284,0.18184252372386864,0.14295618839373406,1.271953967316975,5.0,0.0,"{""type"":""Point"",""coordinates"":[22.330700951844236,-32.973335536326694]}"
0000000000000000002a,222.46094465255737,298.4716326594353,209.23903906345367,167.82769030332565,183.74116373062134,179.8617872595787,156.35957485437393,188.0295894742012,146.46539029479027,185.67329108715057,263.0449326634407,277.14708560705185,74.2,Lower Karoo Bioregion,Nama-Karoo,F_0015,11,Klein Waterval_Slope,2024,0.9516296544720316,0.06105145542545521,0.16315208988409519,0.0,0.0,0.0,1012.2312056737587,0.07060358414413234,0.011802831259567123,0.024660455402048486,0.09927603070476658,0.0,0.0,0.06598526286952039,0.0,5.0,302.0,0.06511314022167636,0.02857625321540145,-0.06770715696944131,0.1410646255416509,0.16701281940824314,0.10581855974369296,0.1256977798104568,0.09406473545740682,0.07815748821265872,3.663305284621867,0.1912428890630145,0.1577133021667494,1.2126957476843614,5.0,0.0,"{""type"":""Point"",""coordinates"":[22.355903790998315,-32.9878945012662]}"
0000000000000000002b,230.62640818953514,322.56970596313477,234.29189932346344,170.89813950657845,187.55215799808502,185.43517205119133,160.737680464983,199.3679656982422,150.85373231768608,188.36523658037186,269.1997027397156,284.4030320048332,72.0,Lower Karoo Bioregion,Nama-Karoo,F_0017,11,Klein Waterval_Slope,2024,0.28977581526698226,0.06224879694856564,0.1661234855159836,0.0,0.0,0.0,921.0443396226416,0.07420126953566411,0.012364104789910173,0.03549759652078996,0.09867706013105389,0.0,0.0,0.06239789314743765,0.0,4.0,269.0,0.06743045121009619,0.021499724259143174,-0.0837023638891724,0.1478760791555891,0.1653336067244692,0.11026316710378765,0.12274122004801376,0.11224398765853555,0.08106374780313585,7.855504513686558,0.19552810466936177,0.15838564770682806,1.23482435435619,5.0,0.0,"{""type"":""Point"",""coordinates"":[22.31643628757427,-32.96493013084095]}"
00000000000000000000,165.42730766534805,219.5489728152752,169.20902401208878,176.4276909828186,154.7820028066635,170.8865911066532,113.83472216129303,177.32273915410042,121.59564411640167,157.45255652070045,273.7879882454872,294.8990531563759,77.4,Upper Karoo Bioregion,Nama-Karoo,F_0021,11,Droogvoetsfontein_Slope,2024,0.40488740966938913,0.06659552079762271,0.2312771436916439,0.04555568088216268,0.0,0.0,1388.6038991916314,0.07143797008723687,0.0022160728930137414,0.04818761953663328,0.11267185505945455,0.0,8.857561239048918E-4,0.04546586211010835,0.03446150812552024,4.547788873038517,216.0,0.07024632776231353,-0.07011513022286973,-0.15135962515006565,0.1289451556351998,0.2034831318297502,0.10422905788527068,0.15652905538486858,0.130047470267421,0.0818941858776456,9.78854761427491,0.2760345600527693,0.2337526363585033,1.1811095545873496,2.0,0.0,"{""type"":""Point"",""coordinates"":[21.411871966074344,-31.961280124832403]}"
00000000000000000031,155.70535841584206,198.7973291873932,156.9828690290451,166.2168474495411,138.80235481262207,159.02475479245186,109.20621082186699,163.24027195572853,113.08864107728004,141.8739576637745,261.0750380754471,281.5835396051407,62.4,Upper Karoo Bioregion,Nama-Karoo,F_0022,11,Droogvoetsfontein_Plain,2024,1.0,0.05608014214752066,0.1934605009592043,0.03530761944474997,0.0,0.0,1340.1699905033236,0.06621500795949445,0.006983605276259035,0.04409064780230875,0.09590796631710481,0.0,0.03921568766236305,0.030868854649640894,0.0,5.0,207.0,0.0631453725955991,-0.039765928559719894,-0.09526173181032296,0.1351348376228825,0.16874424985840789,0.10203746838560585,0.12855753831827177,0.10139812613993965,0.07568654143459323,1.242381697593138,0.2033326813751249,0.18188847747170572,1.1179397913352265,1.0,0.0,"{""type"":""Point"",""coordinates"":[21.398405480892936,-31.965155083647847]}"
00000000000000000032,156.9565660059452,194.51005497574806,146.809479534626,167.20580169558525,140.67478692531586,155.64628812670708,107.31747710704803,162.44655665755272,109.21093255281448,142.99562367796898,245.64274317026138,282.1114249229431,61.3,Upper Karoo Bioregion,Nama-Karoo,F_0023,11,Droogvoetsfontein_Plain,2024,0.8401341195883527,0.07787707926515848,0.25523760539083457,0.03991250297875205,0.0,0.0,1336.840152235966,0.08435560177327565,-0.01114094750397439,0.05841433357883362,0.1231131989519501,0.0,0.06281599594540646,0.030817523949578426,0.0,4.0,208.0,0.08397243505115175,-0.13302663129202305,-0.19384653446619907,0.14021956800110108,0.23843012107881792,0.11755887789742137,0.17988866103279608,0.14509484912672008,0.09545457560912869,0.9216326105946252,0.3492685442703549,0.3102654288004514,1.1298690263029514,1.0,0.0,"{""type"":""Point"",""coordinates"":[21.381492110597215,-31.949557148162892]}"
00000000000000000010,189.8512124121189,196.59967678785324,147.86586645245552,192.9597790837288,159.0710307955742,165.31859156489372,145.39996781945229,214.2382833957672,132.7965488731861,193.55901622772217,244.9114292860031,374.6770178079605,72.0,Upper Karoo Bioregion,Nama-Karoo,F_0028,11,Biesiebult_NA,2024,-0.8475746700351475,0.07008890442834391,0.2810334090677682,0.03491698469353263,0.0,0.0,1280.4360212457752,0.08319282865593365,-0.0080904751451248,0.0859916611807983,0.11934251982569408,0.0,0.09442866657636179,0.03491698469353263,0.03333333507180214,4.0,242.0,0.08484679727465677,-0.14365745690898124,-0.22116467732268788,0.14280826747705255,0.23510824267643193,0.11928558558988317,0.17631676793817969,0.17076768156614125,0.09671772413498994,2.8104271515736197,0.3686114357094555,0.3140770487886647,1.1735897042335721,4.0,0.0,"{""type"":""Point"",""coordinates"":[22.796922262487275,-31.08461193952284]}"
00000000000000000016,162.06324863433838,174.928861618042,146.55395966768265,197.0659637451172,162.4456984102726,167.1212091743946,136.89580649137497,196.1109118461609,119.70524907112122,164.04048851132393,206.32949781417847,344.9450594484806,75.3,Upper Karoo Bioregion,Nama-Karoo,F_0025,11,Lushof_Plain,2024,1.0,0.07826214344664055,0.2579985122361252,0.038913595551651636,0.0036964069231988153,0.0,1421.6703349282297,0.0750158210833107,-0.015221296366678473,0.08373648269752566,0.12864690956316494,0.0,0.08354726188490838,0.03977421406995167,0.017928511265255333,5.008612440191388,243.0,0.07717553439180247,-0.12627880287370044,-0.18305589959524468,0.12370022507874592,0.2490882338519302,0.10542890194215275,0.19425295766746029,0.11902059263518552,0.08718977550570477,1.207704719573117,0.36067783812586773,0.3210771709110178,1.1234496884368825,4.0,0.0,"{""type"":""Point"",""coordinates"":[22.32931863051767,-31.381423082943357]}"
00000000000000000017,189.8512124121189,196.59967678785324,147.86586645245552,192.9597790837288,159.0710307955742,165.31859156489372,145.39996781945229,214.2382833957672,132.7965488731861,193.55901622772217,244.9114292860031,374.6770178079605,62.4,Upper Karoo Bioregion,Nama-Karoo,F_0027,11,Biesiebult_Plain,2024,-0.4393869134185794,0.06877079725294064,0.2612212431962031,0.03232193871918452,0.0,0.0,1281.4978437949208,0.06319494916382278,-0.01657062009241116,0.12245428453279442,0.11777255373190734,0.0,0.016530905852462894,0.03232193871918452,0.0,5.0,244.0,0.06580957558289863,-0.08845442844796648,-0.1731447694572353,0.11111876827624065,0.22903516744390653,0.09285817424189717,0.18320473768691667,0.11960170964947371,0.07532489711037652,1.8047616392673915,0.3249212174422442,0.27346860759842023,1.1881772608178962,4.0,0.0,"{""type"":""Point"",""coordinates"":[22.773008103537645,-31.077521968847858]}"
00000000000000000018,196.51026889681816,204.92305743694305,157.75662380456924,198.96479159593582,165.33387383818626,171.3776577413082,149.34221875667572,218.46475246548653,138.0113271176815,194.8019400537014,254.8265420794487,369.4609794616699,77.4,Upper Karoo Bioregion,Nama-Karoo,F_0029,11,Biesiebult_Plain,2024,0.020415329386176743,0.06740136641789886,0.2664937116600853,0.0,0.0,0.0,1264.0723240115717,0.0767565358254121,-0.025194340224737946,0.10998071449213341,0.12187585477845647,0.0,0.10998071449213341,0.04442585242073355,0.0,5.0,241.0,0.0839034291801538,-0.08759698895746512,-0.16691333039689776,0.1303591617277986,0.26185213430293386,0.1123997348907656,0.20149045903864338,0.1159021862914558,0.094049712475982,0.7260684972214032,0.36669559703498594,0.31221100390532214,1.1746161751944852,4.0,0.0,"{""type"":""Point"",""coordinates"":[22.810397665870784,-31.087844787786583]}"
0000000000000000001f,162.06324863433838,174.928861618042,146.55395966768265,197.0659637451172,162.4456984102726,167.1212091743946,136.89580649137497,196.1109118461609,119.70524907112122,164.04048851132393,206.32949781417847,344.9450594484806,60.2,Upper Karoo Bioregion,Nama-Karoo,F_0024,11,Lushof_Slope,2024,-0.23636008093297625,0.072283233124441,0.26194907333022577,0.045588236302137375,0.04215686395764351,0.0,1440.6324376199618,0.07715444671501355,-0.01754103830681252,0.08398693054914474,0.11770761257212703,0.0,0.0882352963089943,0.04593837633728981,0.0,4.0,246.0,0.0787994500585687,-0.12108763432462706,-0.1894622606845598,0.13181195558976533,0.23552434526798594,0.11043735534567636,0.1806730251623436,0.1395136339164513,0.08980737950817294,2.4521098978917575,0.34563873500890335,0.30043641916849795,1.1505175986239642,4.0,0.0,"{""type"":""Point"",""coordinates"":[22.32107375266985,-31.394180571057266]}"
00000000000000000020,162.06324863433838,174.928861618042,146.55395966768265,197.0659637451172,162.4456984102726,167.1212091743946,136.89580649137497,196.1109118461609,119.70524907112122,164.04048851132393,206.32949781417847,344.9450594484806,62.4,Upper Karoo Bioregion,Nama-Karoo,F_0026,11,Lushof_Slope,2024,-0.7636378760685038,0.06006779739830444,0.2576738651940053,0.0,0.0,0.0,1413.337805462386,0.0863771397864984,-0.010150795497239407,0.0555555559694767,0.09855700907206841,0.0,0.059383753687143326,0.0,0.0,5.117872544321993,246.0,0.08554632060683168,-0.11310419247132712,-0.19074946746165863,0.16109949056189427,0.2037485800737048,0.1283554650475434,0.14719700497705854,0.17898233676847794,0.09966585195387272,6.203620384227274,0.2997991477380715,0.25570602570073586,1.1724023210071293,4.0,0.0,"{""type"":""Point"",""coordinates"":[22.325381244287478,-31.365887574873152]}"
00000000000000000019,199.07330390810966,225.96820504963398,155.8966828584671,203.64695143699646,171.56684257090092,166.86446771025658,151.66335554420948,213.2777843773365,147.652164503932,205.1329267024994,257.685589492321,356.9998802244663,96.8,Upper Karoo Bioregion,Nama-Karoo,F_0030,11,Uitsig/Marseille_Plain,2024,-0.35680876918508697,0.08461412423322087,0.22125991226560163,0.04215686395764351,0.0,0.0,1251.6030754444978,0.0717672177486154,-0.031863368342324894,0.0676470622420311,0.16146131983346404,0.0,0.1339869350194931,0.03333333507180214,0.0,5.0,258.0,0.08413847711998816,-0.04178120571616921,-0.08750594853782012,0.10936609640939483,0.3395566359871228,0.09982701874678665,0.2698412933984323,0.009114811569566967,0.09023482974391325,0.842582562633113,0.4087958161874439,0.3741264521703303,1.0970500004744081,4.0,0.0,"{""type"":""Point"",""coordinates"":[23.148352934711454,-31.323722315311766]}"
0000000000000000001a,199.07330390810966,225.96820504963398,155.8966828584671,203.64695143699646,171.56684257090092,166.86446771025658,151.66335554420948,213.2777843773365,147.652164503932,205.1329267024994,257.685589492321,356.9998802244663,48.4,Upper Karoo Bioregion,Nama-Karoo,F_0031,11,Marseille_Plain,2024,0.6060725712048243,0.05973403122213533,0.2615666163768129,0.04105061063056085,0.0,0.0,1260.4657074340528,0.07720952566436155,-0.007078426425977292,0.046422510009875406,0.1000726381258713,0.0,0.04888913600171784,0.0,0.0,5.0,260.0,0.07621038759426534,-0.1420874824555372,-0.20352412107751242,0.13668069107641134,0.19899142363088598,0.1113025511018664,0.14815751796574905,0.16191274385086354,0.08813148726590819,1.140830973240969,0.30055457462223883,0.26447418013350865,1.145585970169635,4.0,0.0,"{""type"":""Point"",""coordinates"":[23.141940747396596,-31.335351650859153]}"
00000000000000000021,199.07330390810966,225.96820504963398,155.8966828584671,203.64695143699646,171.56684257090092,166.86446771025658,151.66335554420948,213.2777843773365,147.652164503932,205.1329267024994,257.685589492321,356.9998802244663,62.4,Upper Karoo Bioregion,Nama-Karoo,F_0032,11,Marseille_Slope,2024,0.5762583048721649,0.05727478652061058,0.24632241031815008,0.0,0.0,0.0,1279.7812798471823,0.06874637444145132,-0.00840658986177776,0.07667762536374068,0.08936744102889739,0.0,0.05686274543404579,0.0,0.0,4.0,261.0,0.06557834727659381,-0.10205745157263568,-0.18152172544681125,0.1391136051362884,0.17226099572300116,0.10527213508798719,0.13040517207943153,0.1666787458083805,0.0783814996829632,6.73630208021818,0.24997614994431638,0.21216376228996311,1.1778460181431194,4.0,0.0,"{""type"":""Point"",""coordinates"":[23.12854560783205,-31.347150432246565]}"
0000000000000000002c,194.80326688289642,261.65323889255524,171.4439147412777,199.1085210442543,180.3490561246872,156.78035348653793,159.43490687012672,205.52864262461662,149.7800051867962,183.11562225222588,209.48108518123627,316.7878393828869,72.0,Lower Karoo Bioregion,Nama-Karoo,F_0034,11,Vliegekraal_Plain,2024,0.799436875280101,0.06116302176896068,0.1768150754001748,0.05266106501221657,0.0,0.0,1107.0,0.06643492158973352,0.0030254637537045943,0.027450982481241226,0.09741480421574636,0.0,0.037254903465509415,0.038235295563936234,0.0,5.0,261.0,0.062171765695900515,-0.029035785122171493,-0.08085623393870063,0.13198718649131813,0.17039144343171994,0.09998302076411543,0.13064112290882743,0.08761605000572985,0.07442084739833955,1.2148670457674624,0.20042077980050638,0.18062144355184728,1.1095840960626857,5.0,0.0,"{""type"":""Point"",""coordinates"":[23.571882811868793,-31.976111094936172]}"
0000000000000000002d,194.80326688289642,261.65323889255524,171.4439147412777,199.1085210442543,180.3490561246872,156.78035348653793,159.43490687012672,205.52864262461662,149.7800051867962,183.11562225222588,209.48108518123627,316.7878393828869,76.3,Lower Karoo Bioregion,Nama-Karoo,F_0035,11,Vliegekraal_Plain,2024,0.48542762870277967,0.0842841160972083,0.23700002287030508,0.04235294088721275,0.0,0.0,1090.200759373517,0.08437919464292945,-0.009641172980521041,0.059383753687143326,0.13028823426254113,0.0,0.053921569138765335,0.0313725508749485,0.0,5.0,257.0,0.08297463626334267,-0.13787655746648253,-0.1733704395892782,0.13554264654550838,0.24424858672759184,0.11460407156060533,0.18593352540839497,0.11832495223276411,0.09402897232620991,1.044116138648127,0.34674380996185394,0.32239679164042334,1.075482103459123,5.0,0.0,"{""type"":""Point"",""coordinates"":[23.574098985092352,-31.964686878037234]}"
0000000000000000002e,194.80326688289642,261.65323889255524,171.4439147412777,199.1085210442543,180.3490561246872,156.78035348653793,159.43490687012672,205.52864262461662,149.7800051867962,183.11562225222588,209.48108518123627,316.7878393828869,63.4,Lower Karoo Bioregion,Nama-Karoo,F_0033,11,Vliegekraal_Slope,2024,0.9734043587940201,0.05631628389098371,0.1976451686397727,0.0,0.0,0.0,1130.036173250833,0.0744717024525593,0.0036943779778673444,0.07420276361794656,0.09920968792655252,0.0,0.0012720366660638517,0.0,0.0,5.0,261.0,0.07312698251630283,0.0145255014156725,-0.09000942243288837,0.14667637594423652,0.1859031925310356,0.11379306593547261,0.13840872195435386,0.1107133773147975,0.08641124743328159,10.639935025937326,0.22270244113154097,0.18039056587111435,1.2339396572635037,5.0,0.0,"{""type"":""Point"",""coordinates"":[23.567700175080656,-31.981453097998184]}"
00000000000000000001,351.4552298784256,544.8863268196583,325.3227818906307,382.0438011288643,375.0335943698883,330.7037128508091,288.4655488729477,402.39354461431503,295.88615849614143,419.6452229619026,451.7479649782181,622.8272403478622,50.5,Upper Karoo Bioregion,Nama-Karoo,F_0036,11,Doornberg_Slope,2024,-0.7102592580375694,0.05571512555897491,0.2404028063323801,0.0,0.0,0.0,1556.2068473609131,0.1155556667626216,0.0018424936191586729,0.0,0.081199149368663,0.0,0.0,0.0,0.0,4.0,410.0,0.10337630474405861,-0.09663518748847973,-0.21597311678694592,0.23352332047576063,0.16861498162426727,0.17063705691880862,0.10473173775958605,0.26749025226432943,0.12359834683122832,15.711075041331515,0.2572219277981401,0.20286422293355108,1.2670064199214544,2.0,0.0,"{""type"":""Point"",""coordinates"":[24.48285040248147,-31.820631159404613]}"
0000000000000000001b,309.9545885324478,494.83687084913254,291.8999605178833,344.51943957805634,330.8777093887329,293.4873833656311,261.45215851068497,356.1110951900482,266.94039338827133,374.54152077436447,396.63060292601585,549.4067073464394,76.3,Upper Karoo Bioregion,Nama-Karoo,F_0038,11,Doornberg_Plain,2024,0.16258632500597842,0.06843378456458167,0.25369482654582415,0.0,0.0,0.0,1396.0114068441067,0.09729372784707824,-0.007487275171139677,0.03186088300419851,0.1032132805633171,0.0,0.08004361708354589,0.0,0.0,5.0,389.0,0.09363838433936067,-0.1387007378834962,-0.20957286925030302,0.1750792021519671,0.20740581179186426,0.13972606111190392,0.14560598704411504,0.19888464355763372,0.108316511592116,1.065194886503564,0.31148375511282755,0.2738380942904451,1.1486866793705035,4.0,0.0,"{""type"":""Point"",""coordinates"":[24.48798282779398,-31.864914491966385]}"
00000000000000000022,351.4552298784256,544.8863268196583,325.3227818906307,382.0438011288643,375.0335943698883,330.7037128508091,288.4655488729477,402.39354461431503,295.88615849614143,419.6452229619026,451.7479649782181,622.8272403478622,35.5,Upper Karoo Bioregion,Nama-Karoo,F_0037,11,Doornberg_Slope,2024,0.8047469222660429,0.06189644139311671,0.27242815954458527,0.0,0.0,0.0,1459.6235069278553,0.09287251781617063,-0.002843186128448483,0.0,0.08682275929777919,0.0,0.0,0.0,0.0,5.0,398.0,0.0824846901957122,-0.16558168366430367,-0.2613157429765755,0.18547685907123992,0.16572755631424285,0.13598442887838416,0.11421538425927179,0.2588611405914159,0.09906439344691023,3.199113168616188,0.28282182871925166,0.22935047234522918,1.2216486988372912,4.0,0.0,"{""type"":""Point"",""coordinates"":[24.476192964608675,-31.829009810284045]}"
0000000000000000001c,304.6189663410187,441.9100399315357,292.45228546857834,361.7306464314461,291.86810725927353,313.71814450621605,323.3319865167141,374.2063247859478,313.4257972538471,431.07642859220505,444.5533911585808,612.9925096035004,33.3,Upper Karoo Bioregion,Nama-Karoo,F_0039,11,Rietfontein_Plain,2024,0.798306239800588,0.06540292856290707,0.2818882671264253,0.0,0.0,0.0,1455.7068798449613,0.09716233414374001,-0.007285609370270787,0.0,0.09650914469560565,0.0,0.0,0.0,0.0,5.0,401.0,0.0922445352802905,-0.18226586731309577,-0.2520310407605514,0.18482180496374534,0.19583995642443736,0.1425681313600882,0.13759158345213698,0.23586760235358345,0.10833629498315991,1.2454553062832632,0.33323099233152337,0.287018536294038,1.1651705059894297,4.0,0.0,"{""type"":""Point"",""coordinates"":[25.016417516334695,-30.905735100763856]}"
0000000000000000001d,304.6189663410187,441.9100399315357,292.45228546857834,361.7306464314461,291.86810725927353,313.71814450621605,323.3319865167141,374.2063247859478,313.4257972538471,431.07642859220505,444.5533911585808,612.9925096035004,33.3,Upper Karoo Bioregion,Nama-Karoo,F_0040,11,Rietfontein_Plain,2024,-0.15988113871570558,0.05942377932675503,0.2991142572987086,0.0,0.0,0.0,1460.8594881699664,0.09673637848568678,-0.0070092462719148745,0.0,0.08150589642376212,0.0,0.0,0.0,0.0,5.0,402.0,0.08910018616485918,-0.19908597106981948,-0.2892340615945759,0.19498638507969882,0.16140951272343043,0.1414606507016748,0.11015701523830441,0.2844672800693346,0.10564595629258297,2.8269809316403043,0.3004167782172438,0.2508847945298278,1.1997950886943272,4.0,0.0,"{""type"":""Point"",""coordinates"":[25.014847912763884,-30.92233187488478]}"
00000000000000000023,311.98002791404724,453.3529486656189,294.3033149242401,376.31792932748795,291.21245205402374,314.38552990555763,337.12381598353386,385.0955232977867,327.2194234132767,445.349755525589,454.1247094273567,631.3513338565826,49.5,Upper Karoo Bioregion,Nama-Karoo,F_0041,11,Rietfontein_Slope,2024,0.87107360186777,0.0652173321131219,0.3006263387329425,0.0,0.0,0.0,1521.0182868142444,0.08882845165181091,-0.005569749405110996,0.0,0.09367713284848171,0.0,0.0,0.0,0.0,4.0,419.5120307988451,0.08103735156221041,-0.20658956813743415,-0.2903449335444766,0.17282056891654293,0.17961383891346594,0.12950718088776475,0.12656660233843892,0.25686257415028924,0.09676870492872305,2.268896875643065,0.32402676292287264,0.2730784016348515,1.1902415448364096,4.0,0.0,"{""type"":""Point"",""coordinates"":[25.075121581703307,-30.921868128375227]}"
00000000000000000005,116.93882343173027,84.75742730498314,76.65640836954117,150.50949501991272,115.05636838078499,130.23674772679806,101.02016082406044,126.47889983654022,77.92747618258,115.91928881406784,177.51113557815552,263.9998489320278,73.1,Bushmanland Bioregion,Nama-Karoo,F_0042,11,N'Rougas Farm_Plain,2024,-0.587292084240454,0.08532712202213769,0.2403641055481189,0.04088168042068628,0.04484873047399356,0.0,899.4035346097203,0.08865771738187789,-0.05057012875348139,0.0,0.14041402344178147,0.0,0.19758642139713378,0.05468095280870129,0.07424926745010817,5.0,185.0,0.09884133001183198,-0.05392914146521422,-0.13085785524980895,0.13531519445532608,0.32421332025680105,0.12219822472971797,0.24689018729274975,0.07020692365261405,0.10741711684782015,1.3720144324871506,0.4219129194537974,0.36639231621897206,1.161659032442901,12.0,0.0,"{""type"":""Point"",""coordinates"":[21.200795958608428,-29.11323444559231]}"
00000000000000000006,122.70169740915298,90.562251329422,87.97904148697853,163.39972126483917,122.3227097094059,137.91948530077934,104.13167338073254,138.41534280776978,82.44276124238968,123.00907996296883,198.56103825569153,290.4113344550133,96.8,Bushmanland Bioregion,Nama-Karoo,F_0043,11,N'Rougas Farm_Plain,2024,0.06395946835001845,0.08256642046035266,0.25144868212373694,0.044058671301172574,0.0,0.0,926.0,0.07653309528905083,-0.05573909221493522,0.0,0.14274458165164103,0.0,0.195356162279495,0.06069010711507873,0.07832957028585952,5.43603515625,193.0,0.08846509021168458,-0.07812794467463391,-0.13172803487395868,0.1180718168252497,0.32863105509022716,0.10768170726441895,0.259313443384599,0.04287034533081168,0.09570040022299509,0.6144067147979514,0.43016386264935136,0.3867922946374165,1.1122813549009152,12.0,0.0,"{""type"":""Point"",""coordinates"":[21.203279677895196,-29.06883071730209]}"
00000000000000000007,145.47891855239868,102.94774329662323,96.32654854655266,155.3189982175827,141.1031869351864,154.0337819457054,133.07405969500542,152.29930183291435,95.46119713783264,134.18062475323677,193.69470608234406,296.6506950557232,36.6,Bushmanland Bioregion,Nama-Karoo,F_0045,11,Sidi-barrani_Plain,2024,0.0,0.07263040985492103,0.26834803940378316,0.048498551059912444,0.02202126395053663,0.0,944.0,0.09246095473909448,-0.026429983113177406,0.0,0.11822220382383827,0.0,0.13740572205341522,0.0474975846031487,0.0,5.0,194.0,0.09656162044372485,-0.11196980438853776,-0.1936148771749816,0.15289746661951858,0.2603950288424904,0.13071075807611438,0.19107214670870118,0.15270300471328885,0.10844587397581197,0.0,0.38522927533597,0.3245760267714048,1.1731788238820475,12.0,0.0,"{""type"":""Point"",""coordinates"":[21.46973772044491,-29.417492287772074]}"
00000000000000000008,145.47891855239868,102.94774329662323,96.32654854655266,155.3189982175827,141.1031869351864,154.0337819457054,133.07405969500542,152.29930183291435,95.46119713783264,134.18062475323677,193.69470608234406,296.6506950557232,83.9,Bushmanland Bioregion,Nama-Karoo,F_0046,11,Sidi-barrani_Plain,2024,-0.5323279684123816,0.09463917630969453,0.24726363101228152,0.04862118811696694,0.0,0.0,958.7144963144962,0.08026118516482651,-0.04541294826995536,0.0,0.1635839458179708,0.0,0.17084839321325102,0.05966317747932394,0.06394116256468418,4.0,196.0,0.09235473715629273,-0.058790263037497056,-0.1349556675853542,0.11789858512928211,0.3536361759944982,0.10914704253764351,0.278914790789091,0.03902877175434508,0.0987614855756045,1.1439676219180996,0.46350399088800975,0.3975124319443245,1.1439319953871594,12.0,0.0,"{""type"":""Point"",""coordinates"":[21.462210757866693,-29.410611894846618]}"
0000000000000000000f,124.23831585049629,91.02470153570175,91.96656566858292,163.05430167913437,122.06768935918808,138.26138865947723,113.25623926520348,136.10109570622444,84.12508189678192,130.5717173218727,205.19152829051018,297.1961741745472,77.4,Bushmanland Bioregion,Nama-Karoo,F_0044,11,N'Rougas Farm_Slope,2024,0.03982258024965229,0.0917009348340798,0.23133502810378553,0.06601307541131973,0.04771241918206215,0.0,961.8330078124998,0.07697679408011027,-0.015443061573023439,0.0,0.14172990225779356,0.0,0.10130719095468521,0.05991285666823387,0.0,4.756347656249998,197.0,0.07723765834089136,-0.09513291693292555,-0.15810901558143084,0.11843124808365244,0.2616910822980571,0.10275961123261365,0.2068096179573331,0.09546694771415785,0.08643949319957754,6.22457288065925,0.3599440627731382,0.3173010399623306,1.1336801096331326,12.0,0.0,"{""type"":""Point"",""coordinates"":[21.212706217522186,-29.04310616332476]}"
00000000000000000009,110.93600034713745,120.53339672088623,100.88302886486053,120.2654282450676,109.89362025260925,101.05293089151382,78.4052087366581,132.5555538535118,89.1984429359436,109.23956263065338,138.9183818101883,183.10630241036415,84.9,Bushmanland Bioregion,Nama-Karoo,F_0047,11,Gamsberg NR_Plain,2024,0.0499571138617969,0.10263764734858119,0.2524753109559701,0.01404254961236547,0.0,0.0,913.923790913532,0.08407093572526311,-0.06954323805042402,0.0,0.17209838958239634,0.0,0.218355655983185,0.08566218345600277,0.08566218345600277,5.0,144.0,0.09993925689559013,-0.08097592258255365,-0.1356582888085841,0.11858523524223913,0.400942657479555,0.11230162087451205,0.3170572155326765,0.009419459322286368,0.10475777231182305,1.0896858400289875,0.524973555809705,0.47068120244368145,1.1126626173228127,12.0,0.0,"{""type"":""Point"",""coordinates"":[19.04924848661342,-29.278207807266643]}"
0000000000000000000a,110.93600034713745,120.53339672088623,100.88302886486053,120.2654282450676,109.89362025260925,101.05293089151382,78.4052087366581,132.5555538535118,89.1984429359436,109.23956263065338,138.9183818101883,183.10630241036415,61.3,Bushmanland Bioregion,Nama-Karoo,F_0048,11,Gamsberg NR_Plain,2024,0.964595978336497,0.087247115259773,0.27657034818035614,0.0323121333120794,0.04313725605607033,0.0,908.6944172380018,0.08149762574973698,-0.05978488579144323,0.0,0.14103423626719444,0.0,0.19397481171146075,0.04151488340347568,0.046259915315702074,5.0,142.0,0.09277875779833313,-0.13441905757297382,-0.17903482665861503,0.12517603102206715,0.33169360915664137,0.11345977563845187,0.25814380485794336,0.07322050512829445,0.10027219871028047,2.04156574405489,0.47525431868144974,0.43467658475026794,1.0928758443511082,12.0,0.0,"{""type"":""Point"",""coordinates"":[19.038390575548277,-29.273351846219438]}"
0000000000000000000b,116.73531690239906,135.69912603497505,110.70452216267586,134.24889969825745,123.061219394207,109.95531204342842,89.99583667516708,143.71248146891594,100.72874984145164,120.800775796175,156.99960389733315,204.06578612327576,81.7,Bushmanland Bioregion,Nama-Karoo,F_0049,11,Gamsberg NR_Plain,2024,-0.42168121611167503,0.10859285628411265,0.24436213673034649,0.03090797816587473,0.0,0.0,923.1758671226186,0.07829602211204226,-0.0542627884248844,0.0,0.1786875570612415,0.0,0.1892797480531594,0.053775391288003405,0.06138347125324203,5.0,145.0,0.09063010425482017,-0.07983501026935559,-0.13228562964161955,0.11130361016575861,0.37882523120002853,0.10449775243582932,0.3042155626231306,0.015430343843738103,0.0960575179226467,1.801901525558934,0.4936108399613869,0.4418261092234427,1.1115663449357764,12.0,0.0,"{""type"":""Point"",""coordinates"":[19.060280302619642,-29.282171948103162]}"
0000000000000000000c,198.1632114648819,182.09487438201904,185.12109726667404,165.69864284992218,174.25006711483002,149.32787054777145,100.0502892434597,137.01503321528435,121.4607540667057,183.74785149097443,172.36775651574135,170.40700334310532,73.1,Bushmanland Bioregion,Nama-Karoo,F_0050,11,Goegap NR_Plain,2024,0.47332393051878835,0.07475259395411414,0.23265039536494697,0.03560171980419879,0.0,0.0,1069.0,0.09336417663271408,-0.038272272209906526,0.0939592588049362,0.13294267112031177,0.0,0.14676812846585202,0.048259235307610525,0.058063115960852646,4.0,185.0,0.10460968945728309,-0.046269854130971164,-0.11302866508635871,0.14736523097448975,0.3086115010753455,0.13162778924851523,0.22909236664899657,0.07373760726910149,0.11437117860917628,2.4696888559346073,0.3869969903987689,0.33704144142549985,1.1435948763450567,12.0,0.0,"{""type"":""Point"",""coordinates"":[18.117274070937963,-29.5851589464827]}"
0000000000000000000d,207.13536223769188,188.12942123413086,188.92600855231285,169.19820246100426,170.29971933364868,145.80058735609055,96.10843506455421,137.36421808600426,121.83759400248528,181.6507053375244,164.47493895888329,164.62360322475433,65.6,Bushmanland Bioregion,Nama-Karoo,F_0051,11,Goegap NR_Plain,2024,-0.11986824474274452,0.06933833302710918,0.26170529977119855,0.0,0.0,0.0,1030.882381649585,0.0987905841838912,-0.046621198055510286,0.0,0.1151425656587569,0.0,0.21644521985710274,0.10379636933115298,0.1089319046123136,5.0,180.0,0.10870917068713465,-0.0964486888555738,-0.16625914713590537,0.16113854925797702,0.2878098707626132,0.14122856806521883,0.20784592726656495,0.1270615637462392,0.12015834687074957,0.17635601974220147,0.40303591068283184,0.3476215421920756,1.1529401780454747,12.0,0.0,"{""type"":""Point"",""coordinates"":[18.094015399843183,-29.574069162162782]}"
0000000000000000000e,198.1632114648819,182.09487438201904,185.12109726667404,165.69864284992218,174.25006711483002,149.32787054777145,100.0502892434597,137.01503321528435,121.4607540667057,183.74785149097443,172.36775651574135,170.40700334310532,75.3,Bushmanland Bioregion,Nama-Karoo,F_0052,11,Goegap NR_Plain,2024,0.8726829268292684,0.07440547430660667,0.24149618250567736,0.0,0.0,0.0,1018.5107317073171,0.10168019366700475,-0.05711014476854626,0.0,0.12863939477903086,0.0,0.22411103345272018,0.11286147051468128,0.11879642951052366,4.0,172.0,0.11653761901506562,-0.03794714257302808,-0.12249164129902677,0.15813326547785503,0.3298003408530864,0.1431917476217921,0.239833645442637,0.08344534219038195,0.1261609043726107,0.809334826847402,0.42211339954922844,0.35593885526424496,1.178597343491345,12.0,0.0,"{""type"":""Point"",""coordinates"":[18.10826668681,-29.555024341563506]}"
00000000000000000029,205.03246793150902,261.36324241757393,167.91676199436188,197.0050069987774,190.96804040670395,163.02781507372856,158.3102070093155,208.42544728517532,135.67731747031212,178.79083248972893,195.56314516067505,289.0500093996525,59.1,Lower Karoo Bioregion,Nama-Karoo,F_0001,7,_Slope,2024,0.9597621545625117,0.04507870753948309,0.12201726642258094,0.04940151910777613,0.0,0.04815798138673119,850.6883610451308,0.12889401851810356,0.0072192932215835596,0.05445911587523452,0.0714402062451188,0.0,0.048756463024013125,0.0,0.0,4.0,240.0,0.11681683755827063,0.12257374301021856,-0.03280608464793398,0.27566613918811866,0.15977902463382893,0.19509929847547394,0.09068210773046115,0.18072236890322807,0.1393484208122285,1.941001558530359,0.17049529789604087,0.12478235516511349,1.3662721861003415,5.0,0.0,"{""type"":""Point"",""coordinates"":[23.549101264586742,-32.48976832258575]}"
00000000000000000004,213.10041015595198,285.21989975869656,182.14698902517557,204.17963267862797,206.60381366312504,172.27887276560068,161.35704868286848,203.1821460723877,148.62314416468143,235.63261472433805,220.24593008309603,264.61627945303917,66.7,Lower Karoo Bioregion,Nama-Karoo,F_0005,7,Karri grove_Slope,2024,0.9823660562370867,0.05077489398335272,0.1883034593475914,3.199955552478049E-4,0.0,0.0,662.9025543992434,0.13813943436674164,0.0016333380610089093,0.04383197046337031,0.0782997924640648,0.0,0.07189836460910211,3.199955552478049E-4,0.0,4.1404919583727535,288.0,0.12726489579976452,-0.010775114749950361,-0.13076411296552717,0.2757524961822419,0.1810469333586427,0.2053305558444423,0.10431264529432908,0.24053709216718985,0.15051062325457976,5.592993895964683,0.23803391798188808,0.1876538168628372,1.2733271862948519,6.0,0.0,"{""type"":""Point"",""coordinates"":[24.50223857386185,-32.424322096424326]}"
00000000000000000011,305.44167324900627,410.79945039749146,262.7152859568596,323.6241116821766,302.0519288778305,267.7595507800579,265.132640004158,328.38679227232933,273.28332793712616,354.7403751015663,384.1999195218086,539.4883989691734,52.7,Upper Karoo Bioregion,Nama-Karoo,F_0006,7,Erin_Plain,2024,-0.6171964323413546,0.07567630636550131,0.17785974716146788,0.020123249693285855,0.0,0.0,1285.4147619047617,0.1315986236858936,-0.00820999747585683,0.0,0.1251952831021377,0.0,0.0728067258000374,0.020123249693285855,0.0,5.0,377.0,0.1337917852969397,-0.015455066939993274,-0.07616508158189911,0.2067696445257891,0.27797930173930674,0.17789468515486948,0.18292426085188276,0.11234794572705314,0.14853262613926616,1.1613231063740594,0.323871413185483,0.286919850508372,1.1296459742954799,4.0,0.0,"{""type"":""Point"",""coordinates"":[25.015748651176676,-31.609501642726062]}"
00000000000000000012,305.44167324900627,410.79945039749146,262.7152859568596,323.6241116821766,302.0519288778305,267.7595507800579,265.132640004158,328.38679227232933,273.28332793712616,354.7403751015663,384.1999195218086,539.4883989691734,79.6,Upper Karoo Bioregion,Nama-Karoo,F_0007,7,Erin_Plain,2024,0.569520220219563,0.05703356821976957,0.166946928302447,0.0,0.0,0.0,1280.0,0.11301840919114296,-0.017874358138513,0.0,0.10016978324878784,0.0,0.1474509835243225,0.03019607998430729,0.0,5.0,375.0,0.11789751480023068,0.031916762104346644,-0.031147518072809497,0.19974611229839778,0.24168205201625828,0.16585005615438733,0.16118034215200522,0.0903375191986561,0.13371195073638645,1.5009847664833071,0.25723795825526835,0.22678855379422508,1.1348720631145297,4.0,0.0,"{""type"":""Point"",""coordinates"":[25.014321738839573,-31.602991355188024]}"
00000000000000000013,314.78901356458664,419.7020780444145,266.2853621840477,342.93411669135094,314.9230190515518,273.52069067955017,270.4305009841919,329.14901545643806,270.5620464682579,352.02127462625504,404.3400496542454,570.5482509732246,50.5,Upper Karoo Bioregion,Nama-Karoo,F_0008,7,Erin_Plain,2024,0.6484210725953764,0.049011919685048255,0.22294147270393744,0.040028833527724836,0.0,0.0,1287.2061508889958,0.1346840998090728,-0.008613805866145503,0.0,0.07870326924071983,0.0,0.13894244568070674,0.040028833527724836,0.0,5.0,377.0,0.13016599518412983,-0.041619181289287904,-0.15757869739677977,0.2611019837632883,0.19958552789052253,0.20108987929470434,0.11700842513423994,0.24368148297429487,0.15171735560819544,1.4301294758593677,0.2742534720342014,0.21704412630863457,1.2645599143772044,4.0,0.0,"{""type"":""Point"",""coordinates"":[24.99925889548103,-31.60238937654582]}"
